,Mouse ID,Timepoint_x,Drug Regimen,Sex,Age_months,Weight (g),Timepoint_y,Tumor Volume (mm3),Metastatic Sites
0,a203,45,Infubinol,Female,20,23,0,45.0,0
1,a203,45,Infubinol,Female,20,23,5,48.5084684,0
2,a203,45,Infubinol,Female,20,23,10,51.852437200000004,1
3,a203,45,Infubinol,Female,20,23,15,52.7778705,1
4,a203,45,Infubinol,Female,20,23,20,55.17333648,1
5,a203,45,Infubinol,Female,20,23,25,56.79320832,1
6,a203,45,Infubinol,Female,20,23,30,59.52319728,1
7,a203,45,Infubinol,Female,20,23,35,61.93165007,2
8,a203,45,Infubinol,Female,20,23,40,63.59349002,2
9,a203,45,Infubinol,Female,20,23,45,67.97341878,2
10,a251,45,Infubinol,Female,21,25,0,45.0,0
11,a251,45,Infubinol,Female,21,25,5,46.98212719,0
12,a251,45,Infubinol,Female,21,25,10,48.59117901,1
13,a251,45,Infubinol,Female,21,25,15,50.53445603,1
14,a251,45,Infubinol,Female,21,25,20,54.46259376,1
15,a251,45,Infubinol,Female,21,25,25,57.41464570000001,1
16,a251,45,Infubinol,Female,21,25,30,59.86124129,1
17,a251,45,Infubinol,Female,21,25,35,60.90388455,1
18,a251,45,Infubinol,Female,21,25,40,63.09507565,1
19,a251,45,Infubinol,Female,21,25,45,65.52574285,1
20,a262,45,Placebo,Female,17,29,0,45.0,0
21,a262,45,Placebo,Female,17,29,5,48.71756819,1
22,a262,45,Placebo,Female,17,29,10,49.59518129,1
23,a262,45,Placebo,Female,17,29,15,53.82797367,2
24,a262,45,Placebo,Female,17,29,20,57.01331331,2
25,a262,45,Placebo,Female,17,29,25,60.13186217,2
26,a262,45,Placebo,Female,17,29,30,64.95809178,3
27,a262,45,Placebo,Female,17,29,35,66.56196302,4
28,a262,45,Placebo,Female,17,29,40,69.59273198,4
29,a262,45,Placebo,Female,17,29,45,70.71762058,4
30,a275,45,Ceftamin,Female,20,28,0,45.0,0
31,a275,45,Ceftamin,Female,20,28,5,46.79525728,0
32,a275,45,Ceftamin,Female,20,28,10,47.37134328,0
33,a275,45,Ceftamin,Female,20,28,15,49.73440359,0
34,a275,45,Ceftamin,Female,20,28,20,50.51343652,1
35,a275,45,Ceftamin,Female,20,28,25,53.57606417,1
36,a275,45,Ceftamin,Female,20,28,30,54.44471317,2
37,a275,45,Ceftamin,Female,20,28,35,56.35353804,2
38,a275,45,Ceftamin,Female,20,28,40,60.92153868,3
39,a275,45,Ceftamin,Female,20,28,45,62.99935619,3
40,a366,30,Stelasyn,Female,16,29,0,45.0,0
41,a366,30,Stelasyn,Female,16,29,5,48.95136773,0
42,a366,30,Stelasyn,Female,16,29,10,53.52399007,0
43,a366,30,Stelasyn,Female,16,29,15,55.26558163,0
44,a366,30,Stelasyn,Female,16,29,20,57.28598742,0
45,a366,30,Stelasyn,Female,16,29,25,59.01172817,0
46,a366,30,Stelasyn,Female,16,29,30,63.44068627,1
47,a401,45,Zoniferol,Female,8,25,0,45.0,0
48,a401,45,Zoniferol,Female,8,25,5,46.11198591,0
49,a401,45,Zoniferol,Female,8,25,10,47.7259374,1
50,a401,45,Zoniferol,Female,8,25,15,49.93472542,1
51,a401,45,Zoniferol,Female,8,25,20,52.20451136,2
52,a401,45,Zoniferol,Female,8,25,25,54.20983551,3
53,a401,45,Zoniferol,Female,8,25,30,55.91016159,3
54,a401,45,Zoniferol,Female,8,25,35,60.34714467,3
55,a401,45,Zoniferol,Female,8,25,40,61.76860538,4
56,a401,45,Zoniferol,Female,8,25,45,66.79415599,4
57,a411,45,Ramicane,Male,3,22,0,45.0,0
58,a411,45,Ramicane,Male,3,22,5,45.46667714,0
59,a411,45,Ramicane,Male,3,22,10,40.75978762,1
60,a411,45,Ramicane,Male,3,22,15,41.48416885,1
61,a411,45,Ramicane,Male,3,22,20,38.08737318,1
62,a411,45,Ramicane,Male,3,22,25,38.701438399999994,1
63,a411,45,Ramicane,Male,3,22,30,39.13073724,1
64,a411,45,Ramicane,Male,3,22,35,39.71723589,1
65,a411,45,Ramicane,Male,3,22,40,40.25881765,1
66,a411,45,Ramicane,Male,3,22,45,38.407618299999996,1
67,a444,45,Ramicane,Female,10,25,0,45.0,0
68,a444,45,Ramicane,Female,10,25,5,44.00597487,0
69,a444,45,Ramicane,Female,10,25,10,44.51255951,0
70,a444,45,Ramicane,Female,10,25,15,43.00127957,0
71,a444,45,Ramicane,Female,10,25,20,41.71461874,0
72,a444,45,Ramicane,Female,10,25,25,42.29139437,0
73,a444,45,Ramicane,Female,10,25,30,42.78627835,0
74,a444,45,Ramicane,Female,10,25,35,41.73595083,0
75,a444,45,Ramicane,Female,10,25,40,42.50492554,0
76,a444,45,Ramicane,Female,10,25,45,43.04754260000001,0
77,a457,10,Ketapril,Female,11,30,0,45.0,0
78,a457,10,Ketapril,Female,11,30,5,47.462891,0
79,a457,10,Ketapril,Female,11,30,10,49.78341894,0
80,a492,45,Stelasyn,Male,20,25,0,45.0,0
81,a492,45,Stelasyn,Male,20,25,5,46.40914339,0
82,a492,45,Stelasyn,Male,20,25,10,48.43219661,0
83,a492,45,Stelasyn,Male,20,25,15,51.985262899999995,0
84,a492,45,Stelasyn,Male,20,25,20,53.67719253,0
85,a492,45,Stelasyn,Male,20,25,25,54.70122868,1
86,a492,45,Stelasyn,Male,20,25,30,56.20104104,1
87,a492,45,Stelasyn,Male,20,25,35,57.30855379,1
88,a492,45,Stelasyn,Male,20,25,40,57.92849897,1
89,a492,45,Stelasyn,Male,20,25,45,60.12201052,1
90,a520,45,Ramicane,Male,13,21,0,45.0,0
91,a520,45,Ramicane,Male,13,21,5,38.72370695,0
92,a520,45,Ramicane,Male,13,21,10,36.42938781,0
93,a520,45,Ramicane,Male,13,21,15,35.590253999999995,0
94,a520,45,Ramicane,Male,13,21,20,35.94774514,0
95,a520,45,Ramicane,Male,13,21,25,36.55858129,1
96,a520,45,Ramicane,Male,13,21,30,36.94770981,1
97,a520,45,Ramicane,Male,13,21,35,37.62471026,1
98,a520,45,Ramicane,Male,13,21,40,38.25972497,1
99,a520,45,Ramicane,Male,13,21,45,38.81036633,1
100,a577,30,Infubinol,Female,6,25,0,45.0,0
101,a577,30,Infubinol,Female,6,25,5,46.197719899999996,1
102,a577,30,Infubinol,Female,6,25,10,49.5096389,1
103,a577,30,Infubinol,Female,6,25,15,50.91500662,2
104,a577,30,Infubinol,Female,6,25,20,52.36518457,2
105,a577,30,Infubinol,Female,6,25,25,54.38093154,2
106,a577,30,Infubinol,Female,6,25,30,57.03186187,2
107,a644,45,Ramicane,Female,7,17,0,45.0,0
108,a644,45,Ramicane,Female,7,17,5,45.55015754,0
109,a644,45,Ramicane,Female,7,17,10,46.38071258,0
110,a644,45,Ramicane,Female,7,17,15,46.91089166,0
111,a644,45,Ramicane,Female,7,17,20,45.86506461,0
112,a644,45,Ramicane,Female,7,17,25,41.48122408,0
113,a644,45,Ramicane,Female,7,17,30,37.21112063,0
114,a644,45,Ramicane,Female,7,17,35,35.12863083,0
115,a644,45,Ramicane,Female,7,17,40,35.77945086,0
116,a644,45,Ramicane,Female,7,17,45,32.97852192,1
117,a685,45,Infubinol,Male,8,30,0,45.0,0
118,a685,45,Infubinol,Male,8,30,5,46.87048256,0
119,a685,45,Infubinol,Male,8,30,10,47.66475264,0
120,a685,45,Infubinol,Male,8,30,15,48.95147442,0
121,a685,45,Infubinol,Male,8,30,20,49.49055902,0
122,a685,45,Infubinol,Male,8,30,25,51.93995092,0
123,a685,45,Infubinol,Male,8,30,30,55.45385519,1
124,a685,45,Infubinol,Male,8,30,35,58.09262925,1
125,a685,45,Infubinol,Male,8,30,40,60.56790371,2
126,a685,45,Infubinol,Male,8,30,45,66.08306589,3
127,a699,45,Propriva,Female,5,28,0,45.0,0
128,a699,45,Propriva,Female,5,28,5,46.55308986,0
129,a699,45,Propriva,Female,5,28,10,47.86737569,0
130,a699,45,Propriva,Female,5,28,15,49.53040137,0
131,a699,45,Propriva,Female,5,28,20,50.71242334,0
132,a699,45,Propriva,Female,5,28,25,51.84638147,0
133,a699,45,Propriva,Female,5,28,30,54.37934505,0
134,a699,45,Propriva,Female,5,28,35,56.51068234,1
135,a699,45,Propriva,Female,5,28,40,58.60544816,1
136,a699,45,Propriva,Female,5,28,45,62.19141437,1
137,a788,30,Zoniferol,Male,5,30,0,45.0,0
138,a788,30,Zoniferol,Male,5,30,5,47.00658024,0
139,a788,30,Zoniferol,Male,5,30,10,50.15972132,1
140,a788,30,Zoniferol,Male,5,30,15,52.53994926,1
141,a788,30,Zoniferol,Male,5,30,20,54.06098332,1
142,a788,30,Zoniferol,Male,5,30,25,56.770280299999996,1
143,a788,30,Zoniferol,Male,5,30,30,60.41370908,1
144,a818,45,Naftisol,Female,12,28,0,45.0,0
145,a818,45,Naftisol,Female,12,28,5,45.69670864,0
146,a818,45,Naftisol,Female,12,28,10,49.79091948,0
147,a818,45,Naftisol,Female,12,28,15,51.22756565,0
148,a818,45,Naftisol,Female,12,28,20,54.8346245,0
149,a818,45,Naftisol,Female,12,28,25,56.96627332,0
150,a818,45,Naftisol,Female,12,28,30,60.07237198,0
151,a818,45,Naftisol,Female,12,28,35,63.29854586,0
152,a818,45,Naftisol,Female,12,28,40,69.27381374,1
153,a818,45,Naftisol,Female,12,28,45,74.99776443,2
154,a897,45,Placebo,Male,7,28,0,45.0,0
155,a897,45,Placebo,Male,7,28,5,45.69112405,1
156,a897,45,Placebo,Male,7,28,10,47.97292708,1
157,a897,45,Placebo,Male,7,28,15,52.34308525,2
158,a897,45,Placebo,Male,7,28,20,54.59570541,3
159,a897,45,Placebo,Male,7,28,25,56.41331977,3
160,a897,45,Placebo,Male,7,28,30,59.91693443,3
161,a897,45,Placebo,Male,7,28,35,64.0528731,3
162,a897,45,Placebo,Male,7,28,40,67.21174279,4
163,a897,45,Placebo,Male,7,28,45,72.25596306,4
164,a963,45,Stelasyn,Female,23,27,0,45.0,0
165,a963,45,Stelasyn,Female,23,27,5,46.23350581,0
166,a963,45,Stelasyn,Female,23,27,10,47.15052201,0
167,a963,45,Stelasyn,Female,23,27,15,47.83685218,0
168,a963,45,Stelasyn,Female,23,27,20,51.46373448,0
169,a963,45,Stelasyn,Female,23,27,25,52.12980374,0
170,a963,45,Stelasyn,Female,23,27,30,53.40166738,1
171,a963,45,Stelasyn,Female,23,27,35,56.81397646,1
172,a963,45,Stelasyn,Female,23,27,40,58.46378685,1
173,a963,45,Stelasyn,Female,23,27,45,62.76509317,1
174,b128,45,Capomulin,Female,9,22,0,45.0,0
175,b128,45,Capomulin,Female,9,22,5,45.65133131,0
176,b128,45,Capomulin,Female,9,22,10,43.2708519,0
177,b128,45,Capomulin,Female,9,22,15,43.78489343,0
178,b128,45,Capomulin,Female,9,22,20,42.731552,0
179,b128,45,Capomulin,Female,9,22,25,43.26214483,1
180,b128,45,Capomulin,Female,9,22,30,40.60533486,1
181,b128,45,Capomulin,Female,9,22,35,37.96764437,1
182,b128,45,Capomulin,Female,9,22,40,38.3797259,2
183,b128,45,Capomulin,Female,9,22,45,38.98287774,2
184,b313,25,Zoniferol,Male,12,27,0,45.0,0
185,b313,25,Zoniferol,Male,12,27,5,47.15443254,0
186,b313,25,Zoniferol,Male,12,27,10,48.31937218,1
187,b313,25,Zoniferol,Male,12,27,15,49.18838735,1
188,b313,25,Zoniferol,Male,12,27,20,53.979679700000005,1
189,b313,25,Zoniferol,Male,12,27,25,55.74514628,1
190,b447,0,Ceftamin,Male,2,30,0,45.0,0
191,b487,25,Ceftamin,Female,6,28,0,45.0,0
192,b487,25,Ceftamin,Female,6,28,5,46.21397739,0
193,b487,25,Ceftamin,Female,6,28,10,47.664387100000006,0
194,b487,25,Ceftamin,Female,6,28,15,51.68325586,0
195,b487,25,Ceftamin,Female,6,28,20,53.42766344,0
196,b487,25,Ceftamin,Female,6,28,25,56.05774909,1
197,b559,45,Naftisol,Male,20,26,0,45.0,0
198,b559,45,Naftisol,Male,20,26,5,47.40989731,0
199,b559,45,Naftisol,Male,20,26,10,48.03643202,0
200,b559,45,Naftisol,Male,20,26,15,51.37886229,0
201,b559,45,Naftisol,Male,20,26,20,55.65445572,1
202,b559,45,Naftisol,Male,20,26,25,57.04366929,1
203,b559,45,Naftisol,Male,20,26,30,61.19038663,1
204,b559,45,Naftisol,Male,20,26,35,65.70576275,1
205,b559,45,Naftisol,Male,20,26,40,69.96961645,1
206,b559,45,Naftisol,Male,20,26,45,73.05136339,1
207,b742,45,Capomulin,Male,7,21,0,45.0,0
208,b742,45,Capomulin,Male,7,21,5,41.53409702,0
209,b742,45,Capomulin,Male,7,21,10,41.99922813,0
210,b742,45,Capomulin,Male,7,21,15,39.52484301,0
211,b742,45,Capomulin,Male,7,21,20,37.95035546,0
212,b742,45,Capomulin,Male,7,21,25,38.61768433,0
213,b742,45,Capomulin,Male,7,21,30,39.1679495,0
214,b742,45,Capomulin,Male,7,21,35,39.84757556,0
215,b742,45,Capomulin,Male,7,21,40,38.255627399999995,0
216,b742,45,Capomulin,Male,7,21,45,38.93963263,0
217,b759,30,Ceftamin,Female,12,25,0,45.0,0
218,b759,30,Ceftamin,Female,12,25,5,48.00919049,0
219,b759,30,Ceftamin,Female,12,25,10,49.13335499,0
220,b759,30,Ceftamin,Female,12,25,15,51.58779906,0
221,b759,30,Ceftamin,Female,12,25,20,54.44303502,0
222,b759,30,Ceftamin,Female,12,25,25,55.08363235,0
223,b759,30,Ceftamin,Female,12,25,30,55.74282869,1
224,b879,45,Stelasyn,Female,4,26,0,45.0,0
225,b879,45,Stelasyn,Female,4,26,5,49.15615628,1
226,b879,45,Stelasyn,Female,4,26,10,50.33894583,1
227,b879,45,Stelasyn,Female,4,26,15,51.61838657,1
228,b879,45,Stelasyn,Female,4,26,20,53.98343568,1
229,b879,45,Stelasyn,Female,4,26,25,56.46998744,2
230,b879,45,Stelasyn,Female,4,26,30,60.90761481,2
231,b879,45,Stelasyn,Female,4,26,35,64.26088633,2
232,b879,45,Stelasyn,Female,4,26,40,67.18912666,2
233,b879,45,Stelasyn,Female,4,26,45,72.55523894,2
234,c139,45,Infubinol,Male,11,28,0,45.0,0
235,c139,45,Infubinol,Male,11,28,5,48.75311208,0
236,c139,45,Infubinol,Male,11,28,10,49.99295391,0
237,c139,45,Infubinol,Male,11,28,15,51.8332246,0
238,c139,45,Infubinol,Male,11,28,20,56.74200681,0
239,c139,45,Infubinol,Male,11,28,25,61.46196976,0
240,c139,45,Infubinol,Male,11,28,30,64.14987077,1
241,c139,45,Infubinol,Male,11,28,35,67.82141969,1
242,c139,45,Infubinol,Male,11,28,40,69.42814095,2
243,c139,45,Infubinol,Male,11,28,45,72.2267309,2
244,c264,45,Zoniferol,Female,11,27,0,45.0,0
245,c264,45,Zoniferol,Female,11,27,5,45.79170389,0
246,c264,45,Zoniferol,Female,11,27,10,49.02659196,0
247,c264,45,Zoniferol,Female,11,27,15,53.66494165,1
248,c264,45,Zoniferol,Female,11,27,20,54.568195700000004,1
249,c264,45,Zoniferol,Female,11,27,25,56.96676876,2
250,c264,45,Zoniferol,Female,11,27,30,57.82391556,2
251,c264,45,Zoniferol,Female,11,27,35,61.07479506,2
252,c264,45,Zoniferol,Female,11,27,40,65.70832272,2
253,c264,45,Zoniferol,Female,11,27,45,67.94212107,2
254,c282,45,Placebo,Male,12,27,0,45.0,0
255,c282,45,Placebo,Male,12,27,5,45.72568973,0
256,c282,45,Placebo,Male,12,27,10,48.17950638,0
257,c282,45,Placebo,Male,12,27,15,49.26607873,0
258,c282,45,Placebo,Male,12,27,20,51.95057423,0
259,c282,45,Placebo,Male,12,27,25,56.29220039,1
260,c282,45,Placebo,Male,12,27,30,59.00590207,1
261,c282,45,Placebo,Male,12,27,35,59.88765475,1
262,c282,45,Placebo,Male,12,27,40,65.02179944,2
263,c282,45,Placebo,Male,12,27,45,65.81516535,2
264,c302,45,Zoniferol,Female,10,29,0,45.0,0
265,c302,45,Zoniferol,Female,10,29,5,47.69067986,1
266,c302,45,Zoniferol,Female,10,29,10,48.53356704,1
267,c302,45,Zoniferol,Female,10,29,15,52.71663459,2
268,c302,45,Zoniferol,Female,10,29,20,54.08090836,3
269,c302,45,Zoniferol,Female,10,29,25,55.07622853,3
270,c302,45,Zoniferol,Female,10,29,30,57.41974389,3
271,c302,45,Zoniferol,Female,10,29,35,62.23657157,3
272,c302,45,Zoniferol,Female,10,29,40,63.28107148,4
273,c302,45,Zoniferol,Female,10,29,45,64.57522157,4
274,c326,5,Infubinol,Female,18,25,0,45.0,0
275,c326,5,Infubinol,Female,18,25,5,36.321345799999996,0
276,c402,45,Stelasyn,Female,1,27,0,45.0,0
277,c402,45,Stelasyn,Female,1,27,5,49.3426301,1
278,c402,45,Stelasyn,Female,1,27,10,50.56689412,1
279,c402,45,Stelasyn,Female,1,27,15,52.23071944,1
280,c402,45,Stelasyn,Female,1,27,20,54.88332044,2
281,c402,45,Stelasyn,Female,1,27,25,58.26988853,2
282,c402,45,Stelasyn,Female,1,27,30,63.74319428,2
283,c402,45,Stelasyn,Female,1,27,35,65.8079627,2
284,c402,45,Stelasyn,Female,1,27,40,70.22229679,2
285,c402,45,Stelasyn,Female,1,27,45,74.04039018,3
286,c458,30,Ramicane,Female,23,20,0,45.0,0
287,c458,30,Ramicane,Female,23,20,5,45.72227949,0
288,c458,30,Ramicane,Female,23,20,10,44.45437828,1
289,c458,30,Ramicane,Female,23,20,15,45.10742313,2
290,c458,30,Ramicane,Female,23,20,20,39.50513508,2
291,c458,30,Ramicane,Female,23,20,25,37.75314964,2
292,c458,30,Ramicane,Female,23,20,30,38.34200823,2
293,c559,45,Zoniferol,Female,19,28,0,45.0,0
294,c559,45,Zoniferol,Female,19,28,5,46.56263793,0
295,c559,45,Zoniferol,Female,19,28,10,47.29326012,0
296,c559,45,Zoniferol,Female,19,28,15,51.41490358,1
297,c559,45,Zoniferol,Female,19,28,20,52.60436695,2
298,c559,45,Zoniferol,Female,19,28,25,54.55544168,2
299,c559,45,Zoniferol,Female,19,28,30,57.14614388,2
300,c559,45,Zoniferol,Female,19,28,35,59.45504074,2
301,c559,45,Zoniferol,Female,19,28,40,60.86184431,3
302,c559,45,Zoniferol,Female,19,28,45,61.84005842,4
303,c580,30,Ketapril,Male,22,25,0,45.0,0
304,c580,30,Ketapril,Male,22,25,5,46.62845479999999,0
305,c580,30,Ketapril,Male,22,25,10,47.57017382,1
306,c580,30,Ketapril,Male,22,25,15,51.991708,1
307,c580,30,Ketapril,Male,22,25,20,55.57532195,2
308,c580,30,Ketapril,Male,22,25,25,56.28906231,2
309,c580,30,Ketapril,Male,22,25,30,58.04656941,3
310,c757,45,Placebo,Male,9,27,0,45.0,0
311,c757,45,Placebo,Male,9,27,5,47.78327981,0
312,c757,45,Placebo,Male,9,27,10,49.21931669,0
313,c757,45,Placebo,Male,9,27,15,51.532603,0
314,c757,45,Placebo,Male,9,27,20,52.81863401,1
315,c757,45,Placebo,Male,9,27,25,57.10641821,2
316,c757,45,Placebo,Male,9,27,30,60.09857184,2
317,c757,45,Placebo,Male,9,27,35,64.29116351,2
318,c757,45,Placebo,Male,9,27,40,66.60436771,2
319,c757,45,Placebo,Male,9,27,45,69.04284082,3
320,c758,45,Ramicane,Male,9,17,0,45.0,0
321,c758,45,Ramicane,Male,9,17,5,45.5786783,0
322,c758,45,Ramicane,Male,9,17,10,46.28799223,0
323,c758,45,Ramicane,Male,9,17,15,46.94094512,1
324,c758,45,Ramicane,Male,9,17,20,43.1263114,1
325,c758,45,Ramicane,Male,9,17,25,43.602267299999994,1
326,c758,45,Ramicane,Male,9,17,30,44.11827028,1
327,c758,45,Ramicane,Male,9,17,35,37.80238546,1
328,c758,45,Ramicane,Male,9,17,40,32.83318858,1
329,c758,45,Ramicane,Male,9,17,45,33.39765251,1
330,c766,45,Placebo,Female,13,26,0,45.0,0
331,c766,45,Placebo,Female,13,26,5,47.31305537,0
332,c766,45,Placebo,Female,13,26,10,49.50027098,1
333,c766,45,Placebo,Female,13,26,15,50.59663325,2
334,c766,45,Placebo,Female,13,26,20,53.00686463,3
335,c766,45,Placebo,Female,13,26,25,58.21462437,3
336,c766,45,Placebo,Female,13,26,30,60.2559245,3
337,c766,45,Placebo,Female,13,26,35,65.95236791,4
338,c766,45,Placebo,Female,13,26,40,67.68529456,4
339,c766,45,Placebo,Female,13,26,45,69.82314577,4
340,c819,40,Ketapril,Male,21,25,0,45.0,0
341,c819,40,Ketapril,Male,21,25,5,45.76924864,1
342,c819,40,Ketapril,Male,21,25,10,46.65839527,1
343,c819,40,Ketapril,Male,21,25,15,48.37099912,1
344,c819,40,Ketapril,Male,21,25,20,49.76241475,1
345,c819,40,Ketapril,Male,21,25,25,51.82835706,1
346,c819,40,Ketapril,Male,21,25,30,56.09899820000001,1
347,c819,40,Ketapril,Male,21,25,35,57.72953466,1
348,c819,40,Ketapril,Male,21,25,40,62.17570465,1
349,c832,45,Ketapril,Male,18,29,0,45.0,0
350,c832,45,Ketapril,Male,18,29,5,48.68546123,1
351,c832,45,Ketapril,Male,18,29,10,49.81141262,1
352,c832,45,Ketapril,Male,18,29,15,52.86453449,1
353,c832,45,Ketapril,Male,18,29,20,56.71023353,1
354,c832,45,Ketapril,Male,18,29,25,58.89181644,2
355,c832,45,Ketapril,Male,18,29,30,60.49637579,2
356,c832,45,Ketapril,Male,18,29,35,61.12448717,2
357,c832,45,Ketapril,Male,18,29,40,62.57231816,2
358,c832,45,Ketapril,Male,18,29,45,65.41595451,3
359,c895,30,Infubinol,Female,7,29,0,45.0,0
360,c895,30,Infubinol,Female,7,29,5,45.47754399,0
361,c895,30,Infubinol,Female,7,29,10,49.77901542,0
362,c895,30,Infubinol,Female,7,29,15,52.94946474,1
363,c895,30,Infubinol,Female,7,29,20,53.67683960000001,2
364,c895,30,Infubinol,Female,7,29,25,57.53419288,2
365,c895,30,Infubinol,Female,7,29,30,60.96971133,2
366,c927,40,Propriva,Female,4,26,0,45.0,0
367,c927,40,Propriva,Female,4,26,5,46.35184205,0
368,c927,40,Propriva,Female,4,26,10,50.96529767,1
369,c927,40,Propriva,Female,4,26,15,53.26643087,1
370,c927,40,Propriva,Female,4,26,20,55.48168922,1
371,c927,40,Propriva,Female,4,26,25,56.54551947,2
372,c927,40,Propriva,Female,4,26,30,60.753924600000005,2
373,c927,40,Propriva,Female,4,26,35,61.87227365,3
374,c927,40,Propriva,Female,4,26,40,64.18322918,4
375,d133,0,Zoniferol,Male,5,30,0,45.0,0
376,d164,10,Zoniferol,Male,21,28,0,45.0,0
377,d164,10,Zoniferol,Male,21,28,5,46.61767061,0
378,d164,10,Zoniferol,Male,21,28,10,47.47464468,1
379,d251,45,Ramicane,Female,8,19,0,45.0,0
380,d251,45,Ramicane,Female,8,19,5,41.74635495,1
381,d251,45,Ramicane,Female,8,19,10,42.43225791,1
382,d251,45,Ramicane,Female,8,19,15,39.47278744,1
383,d251,45,Ramicane,Female,8,19,20,37.65209085,1
384,d251,45,Ramicane,Female,8,19,25,38.09751328,1
385,d251,45,Ramicane,Female,8,19,30,38.71825638,2
386,d251,45,Ramicane,Female,8,19,35,37.70852942,2
387,d251,45,Ramicane,Female,8,19,40,38.26540379,2
388,d251,45,Ramicane,Female,8,19,45,37.31123552,2
389,d474,40,Ketapril,Male,18,27,0,45.0,0
390,d474,40,Ketapril,Male,18,27,5,45.91835225,0
391,d474,40,Ketapril,Male,18,27,10,46.97496297,0
392,d474,40,Ketapril,Male,18,27,15,47.77793584,0
393,d474,40,Ketapril,Male,18,27,20,51.73149416,0
394,d474,40,Ketapril,Male,18,27,25,54.27932462,0
395,d474,40,Ketapril,Male,18,27,30,55.34134157,0
396,d474,40,Ketapril,Male,18,27,35,56.47911257,0
397,d474,40,Ketapril,Male,18,27,40,60.23373278,1
398,e213,45,Naftisol,Male,8,27,0,45.0,0
399,e213,45,Naftisol,Male,8,27,5,45.69925018,1
400,e213,45,Naftisol,Male,8,27,10,47.39157120000001,2
401,e213,45,Naftisol,Male,8,27,15,51.7916953,2
402,e213,45,Naftisol,Male,8,27,20,52.61376289,2
403,e213,45,Naftisol,Male,8,27,25,55.22447615,2
404,e213,45,Naftisol,Male,8,27,30,56.45872864,3
405,e213,45,Naftisol,Male,8,27,35,58.24585435,3
406,e213,45,Naftisol,Male,8,27,40,60.23654797,3
407,e213,45,Naftisol,Male,8,27,45,63.1056963,4
408,e227,45,Placebo,Male,1,30,0,45.0,0
409,e227,45,Placebo,Male,1,30,5,47.23801112,0
410,e227,45,Placebo,Male,1,30,10,51.34975705,1
411,e227,45,Placebo,Male,1,30,15,52.83394196,1
412,e227,45,Placebo,Male,1,30,20,56.60755210000001,1
413,e227,45,Placebo,Male,1,30,25,60.60029169,1
414,e227,45,Placebo,Male,1,30,30,62.46438515,2
415,e227,45,Placebo,Male,1,30,35,66.94912136,3
416,e227,45,Placebo,Male,1,30,40,70.7152176,3
417,e227,45,Placebo,Male,1,30,45,73.21293851,3
418,e291,25,Naftisol,Female,14,29,0,45.0,0
419,e291,25,Naftisol,Female,14,29,5,46.14250486,0
420,e291,25,Naftisol,Female,14,29,10,48.52974125,1
421,e291,25,Naftisol,Female,14,29,15,49.348426200000006,1
422,e291,25,Naftisol,Female,14,29,20,52.53376479,1
423,e291,25,Naftisol,Female,14,29,25,55.1389525,2
424,e476,45,Infubinol,Male,23,26,0,45.0,0
425,e476,45,Infubinol,Male,23,26,5,47.11180113,0
426,e476,45,Infubinol,Male,23,26,10,49.43168536,0
427,e476,45,Infubinol,Male,23,26,15,54.04621267,0
428,e476,45,Infubinol,Male,23,26,20,55.24927296,0
429,e476,45,Infubinol,Male,23,26,25,57.408638,0
430,e476,45,Infubinol,Male,23,26,30,57.99279743,1
431,e476,45,Infubinol,Male,23,26,35,60.064340200000004,1
432,e476,45,Infubinol,Male,23,26,40,61.52527583,1
433,e476,45,Infubinol,Male,23,26,45,62.43540402,1
434,e584,45,Naftisol,Male,9,27,0,45.0,0
435,e584,45,Naftisol,Male,9,27,5,45.656978499999994,0
436,e584,45,Naftisol,Male,9,27,10,47.25064148,0
437,e584,45,Naftisol,Male,9,27,15,48.43041053,1
438,e584,45,Naftisol,Male,9,27,20,50.34492095,2
439,e584,45,Naftisol,Male,9,27,25,51.38641908,2
440,e584,45,Naftisol,Male,9,27,30,54.98440767,3
441,e584,45,Naftisol,Male,9,27,35,58.08655989,3
442,e584,45,Naftisol,Male,9,27,40,62.81687083,4
443,e584,45,Naftisol,Male,9,27,45,68.3597767,4
444,e662,45,Ramicane,Male,8,24,0,45.0,0
445,e662,45,Ramicane,Male,8,24,5,45.81628252,0
446,e662,45,Ramicane,Male,8,24,10,46.40908385,0
447,e662,45,Ramicane,Male,8,24,15,43.55377339,0
448,e662,45,Ramicane,Male,8,24,20,44.0012958,0
449,e662,45,Ramicane,Male,8,24,25,44.66459432,1
450,e662,45,Ramicane,Male,8,24,30,45.35023242,1
451,e662,45,Ramicane,Male,8,24,35,43.22027636,1
452,e662,45,Ramicane,Male,8,24,40,44.00672385,2
453,e662,45,Ramicane,Male,8,24,45,40.65900627,2
454,f129,15,Zoniferol,Female,11,29,0,45.0,0
455,f129,15,Zoniferol,Female,11,29,5,47.00059399,0
456,f129,15,Zoniferol,Female,11,29,10,48.17971908,1
457,f129,15,Zoniferol,Female,11,29,15,49.98830246,1
458,f234,35,Stelasyn,Male,14,28,0,45.0,0
459,f234,35,Stelasyn,Male,14,28,5,47.31349062,0
460,f234,35,Stelasyn,Male,14,28,10,47.90432375,0
461,f234,35,Stelasyn,Male,14,28,15,48.73519714,1
462,f234,35,Stelasyn,Male,14,28,20,51.11271293,2
463,f234,35,Stelasyn,Male,14,28,25,52.17860221,2
464,f234,35,Stelasyn,Male,14,28,30,56.87381654,2
465,f234,35,Stelasyn,Male,14,28,35,57.74875831,2
466,f278,5,Ketapril,Male,12,30,0,45.0,0
467,f278,5,Ketapril,Male,12,30,5,48.19457788,0
468,f345,45,Infubinol,Male,23,26,0,45.0,0
469,f345,45,Infubinol,Male,23,26,5,45.5911466,0
470,f345,45,Infubinol,Male,23,26,10,47.22244619,0
471,f345,45,Infubinol,Male,23,26,15,48.35223854,0
472,f345,45,Infubinol,Male,23,26,20,49.61338303,0
473,f345,45,Infubinol,Male,23,26,25,53.0788944,0
474,f345,45,Infubinol,Male,23,26,30,54.36379731,1
475,f345,45,Infubinol,Male,23,26,35,56.52332726,1
476,f345,45,Infubinol,Male,23,26,40,58.31559250000001,1
477,f345,45,Infubinol,Male,23,26,45,60.91876652,1
478,f394,5,Zoniferol,Male,19,30,0,45.0,0
479,f394,5,Zoniferol,Male,19,30,5,47.03309963,0
480,f436,15,Ceftamin,Female,3,25,0,45.0,0
481,f436,15,Ceftamin,Female,3,25,5,46.37079759,1
482,f436,15,Ceftamin,Female,3,25,10,48.14697758,2
483,f436,15,Ceftamin,Female,3,25,15,48.72207785,2
484,f545,45,Zoniferol,Female,20,26,0,45.0,0
485,f545,45,Zoniferol,Female,20,26,5,46.56581263,0
486,f545,45,Zoniferol,Female,20,26,10,51.07251225,0
487,f545,45,Zoniferol,Female,20,26,15,53.94554429,1
488,f545,45,Zoniferol,Female,20,26,20,58.84118888,1
489,f545,45,Zoniferol,Female,20,26,25,60.25348139,1
490,f545,45,Zoniferol,Female,20,26,30,65.89398607,1
491,f545,45,Zoniferol,Female,20,26,35,66.74292417,1
492,f545,45,Zoniferol,Female,20,26,40,71.10811835,1
493,f545,45,Zoniferol,Female,20,26,45,73.32443228,1
494,f932,0,Ketapril,Male,15,29,0,45.0,0
495,f966,20,Capomulin,Male,16,17,0,45.0,0
496,f966,20,Capomulin,Male,16,17,5,38.79647373,0
497,f966,20,Capomulin,Male,16,17,10,35.6244027,0
498,f966,20,Capomulin,Male,16,17,15,32.62300253,0
499,f966,20,Capomulin,Male,16,17,20,30.48598484,0
500,f993,20,Naftisol,Male,21,28,0,45.0,0
501,f993,20,Naftisol,Male,21,28,5,46.39575966,0
502,f993,20,Naftisol,Male,21,28,10,48.18537323,0
503,f993,20,Naftisol,Male,21,28,15,49.10697473,1
504,f993,20,Naftisol,Male,21,28,20,52.07951009,1
505,g107,35,Ketapril,Female,2,29,0,45.0,0
506,g107,35,Ketapril,Female,2,29,5,48.79166496,0
507,g107,35,Ketapril,Female,2,29,10,53.43598668,0
508,g107,35,Ketapril,Female,2,29,15,58.13554485,0
509,g107,35,Ketapril,Female,2,29,20,62.70603145,0
510,g107,35,Ketapril,Female,2,29,25,64.66362579,0
511,g107,35,Ketapril,Female,2,29,30,69.16051982,0
512,g107,35,Ketapril,Female,2,29,35,71.90511721,0
513,g288,45,Capomulin,Male,3,19,0,45.0,0
514,g288,45,Capomulin,Male,3,19,5,45.83939976,0
515,g288,45,Capomulin,Male,3,19,10,46.30400254,1
516,g288,45,Capomulin,Male,3,19,15,42.17230079,1
517,g288,45,Capomulin,Male,3,19,20,42.95712001,1
518,g288,45,Capomulin,Male,3,19,25,42.36869239,1
519,g288,45,Capomulin,Male,3,19,30,42.87446056,1
520,g288,45,Capomulin,Male,3,19,35,38.95411458,1
521,g288,45,Capomulin,Male,3,19,40,36.35685121,1
522,g288,45,Capomulin,Male,3,19,45,37.07402422,1
523,g296,45,Zoniferol,Female,14,29,0,45.0,0
524,g296,45,Zoniferol,Female,14,29,5,46.59323337,0
525,g296,45,Zoniferol,Female,14,29,10,48.26950861,0
526,g296,45,Zoniferol,Female,14,29,15,49.65324404,1
527,g296,45,Zoniferol,Female,14,29,20,51.4471183,2
528,g296,45,Zoniferol,Female,14,29,25,55.6701066,3
529,g296,45,Zoniferol,Female,14,29,30,57.99770642,3
530,g296,45,Zoniferol,Female,14,29,35,60.38451978,4
531,g296,45,Zoniferol,Female,14,29,40,62.22191493,4
532,g296,45,Zoniferol,Female,14,29,45,68.16319517,4
533,g316,45,Capomulin,Female,22,22,0,45.0,0
534,g316,45,Capomulin,Female,22,22,5,44.02275246,0
535,g316,45,Capomulin,Female,22,22,10,44.50204246,0
536,g316,45,Capomulin,Female,22,22,15,45.21674299,0
537,g316,45,Capomulin,Female,22,22,20,45.93332219,1
538,g316,45,Capomulin,Female,22,22,25,46.80922469,1
539,g316,45,Capomulin,Female,22,22,30,44.22147988,2
540,g316,45,Capomulin,Female,22,22,35,44.70283296,2
541,g316,45,Capomulin,Female,22,22,40,45.56582103,2
542,g316,45,Capomulin,Female,22,22,45,40.1592203,2
543,g497,45,Ketapril,Male,19,28,0,45.0,0
544,g497,45,Ketapril,Male,19,28,5,48.78206878,0
545,g497,45,Ketapril,Male,19,28,10,49.6470865,0
546,g497,45,Ketapril,Male,19,28,15,53.64616804,1
547,g497,45,Ketapril,Male,19,28,20,55.09699356,1
548,g497,45,Ketapril,Male,19,28,25,57.52444611,2
549,g497,45,Ketapril,Male,19,28,30,61.108185999999996,2
550,g497,45,Ketapril,Male,19,28,35,64.09488929999999,2
551,g497,45,Ketapril,Male,19,28,40,67.74281406,2
552,g497,45,Ketapril,Male,19,28,45,69.87225079,2
553,g558,40,Propriva,Male,8,29,0,45.0,0
554,g558,40,Propriva,Male,8,29,5,46.18874193,0
555,g558,40,Propriva,Male,8,29,10,50.09475382,0
556,g558,40,Propriva,Male,8,29,15,51.007258,0
557,g558,40,Propriva,Male,8,29,20,55.09009691,1
558,g558,40,Propriva,Male,8,29,25,55.75408257,2
559,g558,40,Propriva,Male,8,29,30,58.95282911,3
560,g558,40,Propriva,Male,8,29,35,60.86215883,4
561,g558,40,Propriva,Male,8,29,40,61.77496268,4
562,g570,45,Propriva,Male,16,29,0,45.0,0
563,g570,45,Propriva,Male,16,29,5,47.65642436,1
564,g570,45,Propriva,Male,16,29,10,49.18823167,1
565,g570,45,Propriva,Male,16,29,15,52.6826954,1
566,g570,45,Propriva,Male,16,29,20,54.64329541,1
567,g570,45,Propriva,Male,16,29,25,56.8494056,1
568,g570,45,Propriva,Male,16,29,30,60.32871705,1
569,g570,45,Propriva,Male,16,29,35,62.3304204,2
570,g570,45,Propriva,Male,16,29,40,68.52585616,2
571,g570,45,Propriva,Male,16,29,45,70.49278763,2
572,g791,45,Ramicane,Male,11,16,0,45.0,0
573,g791,45,Ramicane,Male,11,16,5,45.85153062,0
574,g791,45,Ramicane,Male,11,16,10,40.17055848,0
575,g791,45,Ramicane,Male,11,16,15,40.67812852,0
576,g791,45,Ramicane,Male,11,16,20,41.211897,0
577,g791,45,Ramicane,Male,11,16,25,35.56939935,1
578,g791,45,Ramicane,Male,11,16,30,34.95258284,1
579,g791,45,Ramicane,Male,11,16,35,30.96039194,1
580,g791,45,Ramicane,Male,11,16,40,31.36940573,1
581,g791,45,Ramicane,Male,11,16,45,29.12847181,1
582,g867,15,Stelasyn,Female,9,25,0,45.0,0
583,g867,15,Stelasyn,Female,9,25,5,46.88074916,0
584,g867,15,Stelasyn,Female,9,25,10,48.18340167,0
585,g867,15,Stelasyn,Female,9,25,15,51.06041924,1
586,g989,35,Propriva,Female,21,26,5,48.78680146,0
587,g989,35,Propriva,Female,21,26,10,51.74515613,0
588,g989,35,Propriva,Female,21,26,15,51.32585207,1
589,g989,35,Propriva,Female,21,26,20,55.32612202,1
590,g989,35,Propriva,Female,21,26,25,56.04556353,1
591,g989,35,Propriva,Female,21,26,30,59.08229394,1
592,g989,35,Propriva,Female,21,26,35,62.57087961,2
593,h246,45,Ketapril,Male,13,30,0,45.0,0
594,h246,45,Ketapril,Male,13,30,5,49.47041702,0
595,h246,45,Ketapril,Male,13,30,10,51.36886216,1
596,h246,45,Ketapril,Male,13,30,15,56.18432701,1
597,h246,45,Ketapril,Male,13,30,20,57.93591218,1
598,h246,45,Ketapril,Male,13,30,25,59.5488537,1
599,h246,45,Ketapril,Male,13,30,30,63.59960954,1
600,h246,45,Ketapril,Male,13,30,35,67.2112701,2
601,h246,45,Ketapril,Male,13,30,40,71.15083468,2
602,h246,45,Ketapril,Male,13,30,45,74.10408567,2
603,h333,30,Stelasyn,Male,21,27,0,45.0,0
604,h333,30,Stelasyn,Male,21,27,5,45.75172728,0
605,h333,30,Stelasyn,Male,21,27,10,46.23384414,1
606,h333,30,Stelasyn,Male,21,27,15,50.69260358,2
607,h333,30,Stelasyn,Male,21,27,20,51.99780618,2
608,h333,30,Stelasyn,Male,21,27,25,53.73091434,2
609,h333,30,Stelasyn,Male,21,27,30,55.45528975,2
610,h428,0,Ketapril,Female,1,27,0,45.0,0
611,h531,5,Ceftamin,Male,5,27,0,45.0,0
612,h531,5,Ceftamin,Male,5,27,5,47.784681799999994,0
613,i177,45,Ramicane,Male,10,18,0,45.0,0
614,i177,45,Ramicane,Male,10,18,5,44.06539783,0
615,i177,45,Ramicane,Male,10,18,10,41.02092924,0
616,i177,45,Ramicane,Male,10,18,15,40.33093479,0
617,i177,45,Ramicane,Male,10,18,20,35.34536136,0
618,i177,45,Ramicane,Male,10,18,25,34.0821803,1
619,i177,45,Ramicane,Male,10,18,30,34.71147302,1
620,i177,45,Ramicane,Male,10,18,35,35.1521662,1
621,i177,45,Ramicane,Male,10,18,40,35.55793279,2
622,i177,45,Ramicane,Male,10,18,45,33.56240217,3
623,i334,45,Ramicane,Female,8,20,0,45.0,0
624,i334,45,Ramicane,Female,8,20,5,41.02051821,0
625,i334,45,Ramicane,Female,8,20,10,41.63124731,0
626,i334,45,Ramicane,Female,8,20,15,39.15800115,0
627,i334,45,Ramicane,Female,8,20,20,39.687831700000004,0
628,i334,45,Ramicane,Female,8,20,25,38.24881732,1
629,i334,45,Ramicane,Female,8,20,30,39.00555435,1
630,i334,45,Ramicane,Female,8,20,35,39.7695521,2
631,i334,45,Ramicane,Female,8,20,40,40.44237037,2
632,i334,45,Ramicane,Female,8,20,45,36.37451039,2
633,i386,40,Infubinol,Female,23,29,0,45.0,0
634,i386,40,Infubinol,Female,23,29,5,46.85369669,1
635,i386,40,Infubinol,Female,23,29,10,49.86154739,2
636,i386,40,Infubinol,Female,23,29,15,51.73656088,2
637,i386,40,Infubinol,Female,23,29,20,55.08772445,2
638,i386,40,Infubinol,Female,23,29,25,56.68786392,3
639,i386,40,Infubinol,Female,23,29,30,59.13364029,3
640,i386,40,Infubinol,Female,23,29,35,64.92542037,3
641,i386,40,Infubinol,Female,23,29,40,67.28962147,4
642,i477,10,Placebo,Female,3,30,0,45.0,0
643,i477,10,Placebo,Female,3,30,5,46.65738471,0
644,i477,10,Placebo,Female,3,30,10,47.52063206,0
645,i557,45,Capomulin,Female,1,24,0,45.0,0
646,i557,45,Capomulin,Female,1,24,5,42.2616653,0
647,i557,45,Capomulin,Female,1,24,10,42.99207658,0
648,i557,45,Capomulin,Female,1,24,15,43.529875700000005,0
649,i557,45,Capomulin,Female,1,24,20,43.96789516,0
650,i557,45,Capomulin,Female,1,24,25,44.59621854,0
651,i557,45,Capomulin,Female,1,24,30,45.26138381,0
652,i557,45,Capomulin,Female,1,24,35,45.94194901,0
653,i557,45,Capomulin,Female,1,24,40,46.82106972,1
654,i557,45,Capomulin,Female,1,24,45,47.68596303,1
655,i635,45,Propriva,Male,21,26,0,45.0,0
656,i635,45,Propriva,Male,21,26,5,47.23593715,0
657,i635,45,Propriva,Male,21,26,10,48.68575605,1
658,i635,45,Propriva,Male,21,26,15,49.53689775,1
659,i635,45,Propriva,Male,21,26,20,51.87706189,1
660,i635,45,Propriva,Male,21,26,25,52.92882323,1
661,i635,45,Propriva,Male,21,26,30,53.5970382,2
662,i635,45,Propriva,Male,21,26,35,55.67999656,2
663,i635,45,Propriva,Male,21,26,40,56.84243514,3
664,i635,45,Propriva,Male,21,26,45,58.63340414,3
665,i669,25,Placebo,Female,18,27,0,45.0,0
666,i669,25,Placebo,Female,18,27,5,46.76466824,1
667,i669,25,Placebo,Female,18,27,10,48.2816334,1
668,i669,25,Placebo,Female,18,27,15,48.857600700000006,1
669,i669,25,Placebo,Female,18,27,20,50.87369027,1
670,i669,25,Placebo,Female,18,27,25,53.30318455,2
671,i738,45,Capomulin,Female,23,20,0,45.0,0
672,i738,45,Capomulin,Female,23,20,5,45.59568527,0
673,i738,45,Capomulin,Female,23,20,10,43.42101414,0
674,i738,45,Capomulin,Female,23,20,15,37.97877782,0
675,i738,45,Capomulin,Female,23,20,20,38.53113634,0
676,i738,45,Capomulin,Female,23,20,25,34.97343761,0
677,i738,45,Capomulin,Female,23,20,30,35.57877987,1
678,i738,45,Capomulin,Female,23,20,35,36.17595269,1
679,i738,45,Capomulin,Female,23,20,40,36.84389799,2
680,i738,45,Capomulin,Female,23,20,45,37.31184577,2
681,i901,45,Stelasyn,Male,23,29,0,45.0,0
682,i901,45,Stelasyn,Male,23,29,5,46.49302392,0
683,i901,45,Stelasyn,Male,23,29,10,50.42124982,0
684,i901,45,Stelasyn,Male,23,29,15,51.41964239,0
685,i901,45,Stelasyn,Male,23,29,20,55.97440502,0
686,i901,45,Stelasyn,Male,23,29,25,56.575194999999994,0
687,i901,45,Stelasyn,Male,23,29,30,60.59185755,0
688,i901,45,Stelasyn,Male,23,29,35,62.12733561,0
689,i901,45,Stelasyn,Male,23,29,40,64.30345451,0
690,i901,45,Stelasyn,Male,23,29,45,65.34181087,0
691,j119,45,Capomulin,Female,7,23,0,45.0,0
692,j119,45,Capomulin,Female,7,23,5,45.83899787,0
693,j119,45,Capomulin,Female,7,23,10,46.42536551,0
694,j119,45,Capomulin,Female,7,23,15,47.32298428,0
695,j119,45,Capomulin,Female,7,23,20,48.15820939,1
696,j119,45,Capomulin,Female,7,23,25,42.41716589,1
697,j119,45,Capomulin,Female,7,23,30,43.01368114,1
698,j119,45,Capomulin,Female,7,23,35,43.76570537,1
699,j119,45,Capomulin,Female,7,23,40,44.5850896,1
700,j119,45,Capomulin,Female,7,23,45,38.125164399999996,1
701,j235,20,Placebo,Male,6,30,0,45.0,0
702,j235,20,Placebo,Male,6,30,5,46.58881978,0
703,j235,20,Placebo,Male,6,30,10,48.01878792,1
704,j235,20,Placebo,Male,6,30,15,51.16113815,1
705,j235,20,Placebo,Male,6,30,20,52.94290169,1
706,j246,35,Capomulin,Female,21,21,0,45.0,0
707,j246,35,Capomulin,Female,21,21,5,45.64143788,0
708,j246,35,Capomulin,Female,21,21,10,46.408361299999996,0
709,j246,35,Capomulin,Female,21,21,15,43.31265415,0
710,j246,35,Capomulin,Female,21,21,20,44.02037009,0
711,j246,35,Capomulin,Female,21,21,25,44.55522595,0
712,j246,35,Capomulin,Female,21,21,30,38.04408202,1
713,j246,35,Capomulin,Female,21,21,35,38.75326548,1
714,j296,45,Ceftamin,Female,24,30,0,45.0,0
715,j296,45,Ceftamin,Female,24,30,5,46.79925591,1
716,j296,45,Ceftamin,Female,24,30,10,48.52997762,2
717,j296,45,Ceftamin,Female,24,30,15,50.70127959,2
718,j296,45,Ceftamin,Female,24,30,20,54.00534209,3
719,j296,45,Ceftamin,Female,24,30,25,55.76714817,3
720,j296,45,Ceftamin,Female,24,30,30,56.80306121,3
721,j296,45,Ceftamin,Female,24,30,35,58.71448296,3
722,j296,45,Ceftamin,Female,24,30,40,60.07268848,3
723,j296,45,Ceftamin,Female,24,30,45,61.84902336,3
724,j365,45,Zoniferol,Male,24,28,0,45.0,0
725,j365,45,Zoniferol,Male,24,28,5,46.7112611,0
726,j365,45,Zoniferol,Male,24,28,10,48.34932028,0
727,j365,45,Zoniferol,Male,24,28,15,49.58826336,0
728,j365,45,Zoniferol,Male,24,28,20,50.93935278,1
729,j365,45,Zoniferol,Male,24,28,25,51.810320399999995,1
730,j365,45,Zoniferol,Male,24,28,30,54.40488176,1
731,j365,45,Zoniferol,Male,24,28,35,56.96120016,2
732,j365,45,Zoniferol,Male,24,28,40,62.32717066,2
733,j365,45,Zoniferol,Male,24,28,45,64.29408493,2
734,j755,45,Naftisol,Male,23,27,0,45.0,0
735,j755,45,Naftisol,Male,23,27,5,47.24284357,0
736,j755,45,Naftisol,Male,23,27,10,48.16706083,0
737,j755,45,Naftisol,Male,23,27,15,51.45397391,0
738,j755,45,Naftisol,Male,23,27,20,55.49660753,1
739,j755,45,Naftisol,Male,23,27,25,58.05581822,1
740,j755,45,Naftisol,Male,23,27,30,60.00720978,1
741,j755,45,Naftisol,Male,23,27,35,62.7328576,1
742,j755,45,Naftisol,Male,23,27,40,67.2077103,1
743,j755,45,Naftisol,Male,23,27,45,69.56362076,1
744,j913,45,Ramicane,Female,4,17,0,45.0,0
745,j913,45,Ramicane,Female,4,17,5,44.01490022,0
746,j913,45,Ramicane,Female,4,17,10,44.49716216,0
747,j913,45,Ramicane,Female,4,17,15,45.25253427,0
748,j913,45,Ramicane,Female,4,17,20,42.16834132,0
749,j913,45,Ramicane,Female,4,17,25,37.86066936,0
750,j913,45,Ramicane,Female,4,17,30,34.75724046,0
751,j913,45,Ramicane,Female,4,17,35,35.17014843,0
752,j913,45,Ramicane,Female,4,17,40,31.00186078,1
753,j913,45,Ramicane,Female,4,17,45,31.56046955,1
754,j984,45,Stelasyn,Female,2,30,0,45.0,0
755,j984,45,Stelasyn,Female,2,30,5,48.41072109,1
756,j984,45,Stelasyn,Female,2,30,10,50.14108401,1
757,j984,45,Stelasyn,Female,2,30,15,51.16675687,1
758,j984,45,Stelasyn,Female,2,30,20,54.37251567,1
759,j984,45,Stelasyn,Female,2,30,25,57.06435479,1
760,j984,45,Stelasyn,Female,2,30,30,61.24050573,1
761,j984,45,Stelasyn,Female,2,30,35,64.05539896,1
762,j984,45,Stelasyn,Female,2,30,40,67.77708036,1
763,j984,45,Stelasyn,Female,2,30,45,70.65383162,1
764,j989,45,Ramicane,Male,8,19,0,45.0,0
765,j989,45,Ramicane,Male,8,19,5,45.62071835,1
766,j989,45,Ramicane,Male,8,19,10,46.34383237,1
767,j989,45,Ramicane,Male,8,19,15,41.12835439,1
768,j989,45,Ramicane,Male,8,19,20,41.63534426,1
769,j989,45,Ramicane,Male,8,19,25,39.93411249,1
770,j989,45,Ramicane,Male,8,19,30,34.67178107,1
771,j989,45,Ramicane,Male,8,19,35,35.1155898,1
772,j989,45,Ramicane,Male,8,19,40,35.50119014,1
773,j989,45,Ramicane,Male,8,19,45,36.13485243,1
774,k210,45,Ceftamin,Male,15,28,0,45.0,0
775,k210,45,Ceftamin,Male,15,28,5,47.91899771,0
776,k210,45,Ceftamin,Male,15,28,10,49.37993231,0
777,k210,45,Ceftamin,Male,15,28,15,51.07355752,0
778,k210,45,Ceftamin,Male,15,28,20,51.99761855,0
779,k210,45,Ceftamin,Male,15,28,25,54.61397279,0
780,k210,45,Ceftamin,Male,15,28,30,59.98950976,1
781,k210,45,Ceftamin,Male,15,28,35,63.32933023,1
782,k210,45,Ceftamin,Male,15,28,40,66.62283628,2
783,k210,45,Ceftamin,Male,15,28,45,68.92318457,3
784,k382,45,Ketapril,Male,22,29,0,45.0,0
785,k382,45,Ketapril,Male,22,29,5,46.27499735,1
786,k382,45,Ketapril,Male,22,29,10,50.18096763,1
787,k382,45,Ketapril,Male,22,29,15,54.42916821,1
788,k382,45,Ketapril,Male,22,29,20,57.82435071,2
789,k382,45,Ketapril,Male,22,29,25,59.50390392,3
790,k382,45,Ketapril,Male,22,29,30,63.46944155,4
791,k382,45,Ketapril,Male,22,29,35,66.07918483,4
792,k382,45,Ketapril,Male,22,29,40,67.42095521,4
793,k382,45,Ketapril,Male,22,29,45,73.71561899999999,4
794,k403,45,Ramicane,Male,21,16,0,45.0,0
795,k403,45,Ramicane,Male,21,16,5,38.82589807,0
796,k403,45,Ramicane,Male,21,16,10,35.01427146,1
797,k403,45,Ramicane,Male,21,16,15,34.22399174,1
798,k403,45,Ramicane,Male,21,16,20,32.99772858,1
799,k403,45,Ramicane,Male,21,16,25,33.46457735,1
800,k403,45,Ramicane,Male,21,16,30,31.09949753,1
801,k403,45,Ramicane,Male,21,16,35,26.54699343,1
802,k403,45,Ramicane,Male,21,16,40,24.36550471,1
803,k403,45,Ramicane,Male,21,16,45,22.05012627,1
804,k483,45,Infubinol,Female,20,30,0,45.0,0
805,k483,45,Infubinol,Female,20,30,5,46.61105571,0
806,k483,45,Infubinol,Female,20,30,10,50.29604123,1
807,k483,45,Infubinol,Female,20,30,15,53.24445813,1
808,k483,45,Infubinol,Female,20,30,20,54.77896052,1
809,k483,45,Infubinol,Female,20,30,25,57.43200731,2
810,k483,45,Infubinol,Female,20,30,30,59.74707708,2
811,k483,45,Infubinol,Female,20,30,35,60.54156159,2
812,k483,45,Infubinol,Female,20,30,40,64.13872489,3
813,k483,45,Infubinol,Female,20,30,45,66.19691151,3
814,k510,20,Stelasyn,Female,8,27,0,45.0,0
815,k510,20,Stelasyn,Female,8,27,5,46.608467100000006,0
816,k510,20,Stelasyn,Female,8,27,10,47.65824979999999,1
817,k510,20,Stelasyn,Female,8,27,15,49.687051700000005,1
818,k510,20,Stelasyn,Female,8,27,20,52.10557382,1
819,k603,20,Propriva,Male,2,27,0,45.0,0
820,k603,20,Propriva,Male,2,27,5,46.04211582,0
821,k603,20,Propriva,Male,2,27,10,46.60694676,0
822,k603,20,Propriva,Male,2,27,15,48.775285499999995,0
823,k603,20,Propriva,Male,2,27,20,50.18010935,0
824,k754,20,Zoniferol,Female,8,26,0,45.0,0
825,k754,20,Zoniferol,Female,8,26,5,45.7277604,0
826,k754,20,Zoniferol,Female,8,26,10,49.74611666,0
827,k754,20,Zoniferol,Female,8,26,15,51.32356994,0
828,k754,20,Zoniferol,Female,8,26,20,52.69342276,1
829,k804,35,Infubinol,Female,23,29,0,45.0,0
830,k804,35,Infubinol,Female,23,29,5,48.26620364,0
831,k804,35,Infubinol,Female,23,29,10,49.47124419,0
832,k804,35,Infubinol,Female,23,29,15,50.47761824,0
833,k804,35,Infubinol,Female,23,29,20,54.48451945,0
834,k804,35,Infubinol,Female,23,29,25,55.67480798,1
835,k804,35,Infubinol,Female,23,29,30,59.24061511,2
836,k804,35,Infubinol,Female,23,29,35,62.11727887,2
837,k862,45,Stelasyn,Female,13,25,0,45.0,0
838,k862,45,Stelasyn,Female,13,25,5,49.20305786,0
839,k862,45,Stelasyn,Female,13,25,10,50.52355007,1
840,k862,45,Stelasyn,Female,13,25,15,54.47453362,1
841,k862,45,Stelasyn,Female,13,25,20,57.05784818,1
842,k862,45,Stelasyn,Female,13,25,25,58.7192973,2
843,k862,45,Stelasyn,Female,13,25,30,60.60543979,3
844,k862,45,Stelasyn,Female,13,25,35,66.58072244,3
845,k862,45,Stelasyn,Female,13,25,40,67.57134128,4
846,k862,45,Stelasyn,Female,13,25,45,69.29914907,4
847,k894,45,Zoniferol,Female,13,29,0,45.0,0
848,k894,45,Zoniferol,Female,13,29,5,47.64568674,0
849,k894,45,Zoniferol,Female,13,29,10,49.27287011,1
850,k894,45,Zoniferol,Female,13,29,15,49.987765700000004,1
851,k894,45,Zoniferol,Female,13,29,20,50.98163936,1
852,k894,45,Zoniferol,Female,13,29,25,52.32583833,2
853,k894,45,Zoniferol,Female,13,29,30,54.40012279,3
854,k894,45,Zoniferol,Female,13,29,35,55.36266238,4
855,k894,45,Zoniferol,Female,13,29,40,58.64705616,4
856,k894,45,Zoniferol,Female,13,29,45,60.75270417,4
857,l215,10,Propriva,Male,10,29,0,45.0,0
858,l215,10,Propriva,Male,10,29,5,49.48194935,1
859,l215,10,Propriva,Male,10,29,10,53.653969599999996,1
860,l264,10,Ketapril,Female,15,30,0,45.0,0
861,l264,10,Ketapril,Female,15,30,5,46.66876646,0
862,l264,10,Ketapril,Female,15,30,10,50.65958094,0
863,l471,45,Ceftamin,Female,7,28,0,45.0,0
864,l471,45,Ceftamin,Female,7,28,5,46.25187204,0
865,l471,45,Ceftamin,Female,7,28,10,48.18206306,0
866,l471,45,Ceftamin,Female,7,28,15,49.40687901,0
867,l471,45,Ceftamin,Female,7,28,20,52.22832698,0
868,l471,45,Ceftamin,Female,7,28,25,52.84755893,1
869,l471,45,Ceftamin,Female,7,28,30,58.09360446,1
870,l471,45,Ceftamin,Female,7,28,35,61.40599916,1
871,l471,45,Ceftamin,Female,7,28,40,63.84485785,1
872,l471,45,Ceftamin,Female,7,28,45,67.74866174,1
873,l490,30,Ceftamin,Male,24,26,0,45.0,0
874,l490,30,Ceftamin,Male,24,26,5,45.61253918,1
875,l490,30,Ceftamin,Male,24,26,10,47.25960594,1
876,l490,30,Ceftamin,Male,24,26,15,50.52481268,1
877,l490,30,Ceftamin,Male,24,26,20,51.90544699,1
878,l490,30,Ceftamin,Male,24,26,25,55.81003359,2
879,l490,30,Ceftamin,Male,24,26,30,57.91838132,3
880,l509,45,Capomulin,Male,17,21,0,45.0,0
881,l509,45,Capomulin,Male,17,21,5,45.85119285,0
882,l509,45,Capomulin,Male,17,21,10,46.75907363,0
883,l509,45,Capomulin,Male,17,21,15,47.48859931,1
884,l509,45,Capomulin,Male,17,21,20,48.07045162,2
885,l509,45,Capomulin,Male,17,21,25,44.00625702,2
886,l509,45,Capomulin,Male,17,21,30,44.70805473,2
887,l509,45,Capomulin,Male,17,21,35,40.207288500000004,2
888,l509,45,Capomulin,Male,17,21,40,40.77081259,2
889,l509,45,Capomulin,Male,17,21,45,41.48300765,3
890,l558,10,Ceftamin,Female,13,30,0,45.0,0
891,l558,10,Ceftamin,Female,13,30,5,45.80908882,0
892,l558,10,Ceftamin,Female,13,30,10,46.78453491,0
893,l661,45,Ceftamin,Male,18,26,0,45.0,0
894,l661,45,Ceftamin,Male,18,26,5,46.26879904,0
895,l661,45,Ceftamin,Male,18,26,10,49.68361956,0
896,l661,45,Ceftamin,Male,18,26,15,50.94754484,1
897,l661,45,Ceftamin,Male,18,26,20,52.61749003,1
898,l661,45,Ceftamin,Male,18,26,25,53.18065678,2
899,l661,45,Ceftamin,Male,18,26,30,55.32909936,2
900,l661,45,Ceftamin,Male,18,26,35,56.47412871,2
901,l661,45,Ceftamin,Male,18,26,40,59.20566876,3
902,l661,45,Ceftamin,Male,18,26,45,59.85195552,3
903,l700,45,Naftisol,Female,18,27,0,45.0,0
904,l700,45,Naftisol,Female,18,27,5,45.91837165,0
905,l700,45,Naftisol,Female,18,27,10,47.01356652,1
906,l700,45,Naftisol,Female,18,27,15,49.04022529,1
907,l700,45,Naftisol,Female,18,27,20,50.73476811,1
908,l700,45,Naftisol,Female,18,27,25,54.23450181,1
909,l700,45,Naftisol,Female,18,27,30,56.653215,1
910,l700,45,Naftisol,Female,18,27,35,61.46260354,1
911,l700,45,Naftisol,Female,18,27,40,62.98667798,1
912,l700,45,Naftisol,Female,18,27,45,63.94664044,1
913,l725,45,Naftisol,Female,8,26,0,45.0,0
914,l725,45,Naftisol,Female,8,26,5,48.73631881,1
915,l725,45,Naftisol,Female,8,26,10,50.82391154,2
916,l725,45,Naftisol,Female,8,26,15,54.24456268,2
917,l725,45,Naftisol,Female,8,26,20,59.61515479999999,2
918,l725,45,Naftisol,Female,8,26,25,65.00882889,2
919,l725,45,Naftisol,Female,8,26,30,66.59954515,3
920,l725,45,Naftisol,Female,8,26,35,69.12570173,3
921,l725,45,Naftisol,Female,8,26,40,73.69349382,3
922,l725,45,Naftisol,Female,8,26,45,76.66881742,3
923,l733,45,Ceftamin,Female,4,30,0,45.0,0
924,l733,45,Ceftamin,Female,4,30,5,46.17422627,0
925,l733,45,Ceftamin,Female,4,30,10,48.35495154,0
926,l733,45,Ceftamin,Female,4,30,15,49.28519504,0
927,l733,45,Ceftamin,Female,4,30,20,53.24431157,1
928,l733,45,Ceftamin,Female,4,30,25,54.95166826,1
929,l733,45,Ceftamin,Female,4,30,30,56.31906537,1
930,l733,45,Ceftamin,Female,4,30,35,57.60079774,1
931,l733,45,Ceftamin,Female,4,30,40,59.44350649999999,1
932,l733,45,Ceftamin,Female,4,30,45,64.29983003,1
933,l872,0,Placebo,Male,19,30,0,45.0,0
934,l897,45,Capomulin,Male,17,19,0,45.0,0
935,l897,45,Capomulin,Male,17,19,5,45.46224327,0
936,l897,45,Capomulin,Male,17,19,10,46.15473721,0
937,l897,45,Capomulin,Male,17,19,15,44.0615214,0
938,l897,45,Capomulin,Male,17,19,20,44.81309343,0
939,l897,45,Capomulin,Male,17,19,25,45.35467916,0
940,l897,45,Capomulin,Male,17,19,30,39.35279201,1
941,l897,45,Capomulin,Male,17,19,35,37.68276664,1
942,l897,45,Capomulin,Male,17,19,40,38.34390154,1
943,l897,45,Capomulin,Male,17,19,45,38.84687569,1
944,m133,25,Naftisol,Female,2,26,0,45.0,0
945,m133,25,Naftisol,Female,2,26,5,46.62130127,0
946,m133,25,Naftisol,Female,2,26,10,47.50333803,0
947,m133,25,Naftisol,Female,2,26,15,48.6652074,1
948,m133,25,Naftisol,Female,2,26,20,52.63688249,1
949,m133,25,Naftisol,Female,2,26,25,54.08243662,2
950,m269,45,Stelasyn,Female,22,28,0,45.0,0
951,m269,45,Stelasyn,Female,22,28,5,49.011180100000004,0
952,m269,45,Stelasyn,Female,22,28,10,50.86013006,0
953,m269,45,Stelasyn,Female,22,28,15,55.9053436,0
954,m269,45,Stelasyn,Female,22,28,20,61.14586638,0
955,m269,45,Stelasyn,Female,22,28,25,64.89301976,0
956,m269,45,Stelasyn,Female,22,28,30,67.71250988,1
957,m269,45,Stelasyn,Female,22,28,35,68.68991735,1
958,m269,45,Stelasyn,Female,22,28,40,70.21464419,1
959,m269,45,Stelasyn,Female,22,28,45,75.12368955,1
960,m331,15,Zoniferol,Female,19,26,0,45.0,0
961,m331,15,Zoniferol,Female,19,26,5,45.52301371,1
962,m331,15,Zoniferol,Female,19,26,10,47.64687735,1
963,m331,15,Zoniferol,Female,19,26,15,52.11008758,1
964,m546,45,Ramicane,Male,18,16,0,45.0,0
965,m546,45,Ramicane,Male,18,16,5,42.99887638,0
966,m546,45,Ramicane,Male,18,16,10,43.74822357,0
967,m546,45,Ramicane,Male,18,16,15,39.89743533,0
968,m546,45,Ramicane,Male,18,16,20,36.71229535,0
969,m546,45,Ramicane,Male,18,16,25,37.44444543,0
970,m546,45,Ramicane,Male,18,16,30,37.96993365,0
971,m546,45,Ramicane,Male,18,16,35,38.62753581,1
972,m546,45,Ramicane,Male,18,16,40,35.114575200000004,1
973,m546,45,Ramicane,Male,18,16,45,30.56462509,1
974,m550,45,Ketapril,Male,18,28,0,45.0,0
975,m550,45,Ketapril,Male,18,28,5,49.05409736,1
976,m550,45,Ketapril,Male,18,28,10,50.54803457,2
977,m550,45,Ketapril,Male,18,28,15,51.16606544,3
978,m550,45,Ketapril,Male,18,28,20,53.75794476,3
979,m550,45,Ketapril,Male,18,28,25,57.62068237,4
980,m550,45,Ketapril,Male,18,28,30,60.85654272,4
981,m550,45,Ketapril,Male,18,28,35,62.53915386,4
982,m550,45,Ketapril,Male,18,28,40,68.21072019,4
983,m550,45,Ketapril,Male,18,28,45,69.25350312,4
984,m601,45,Capomulin,Male,22,17,0,45.0,0
985,m601,45,Capomulin,Male,22,17,5,41.40859145,1
986,m601,45,Capomulin,Male,22,17,10,36.82536664,1
987,m601,45,Capomulin,Male,22,17,15,35.46461175,1
988,m601,45,Capomulin,Male,22,17,20,34.255731700000005,1
989,m601,45,Capomulin,Male,22,17,25,33.11875607,1
990,m601,45,Capomulin,Male,22,17,30,31.75827491,1
991,m601,45,Capomulin,Male,22,17,35,30.83435704,1
992,m601,45,Capomulin,Male,22,17,40,31.378045299999997,1
993,m601,45,Capomulin,Male,22,17,45,28.43096411,1
994,m650,45,Ketapril,Male,15,27,0,45.0,0
995,m650,45,Ketapril,Male,15,27,5,48.56249492,1
996,m650,45,Ketapril,Male,15,27,10,50.96899763,1
997,m650,45,Ketapril,Male,15,27,15,53.14955933,1
998,m650,45,Ketapril,Male,15,27,20,56.777938799999994,2
999,m650,45,Ketapril,Male,15,27,25,62.253596900000005,2
1000,m650,45,Ketapril,Male,15,27,30,64.90188755,3
1001,m650,45,Ketapril,Male,15,27,35,69.26574681,4
1002,m650,45,Ketapril,Male,15,27,40,70.79706787,4
1003,m650,45,Ketapril,Male,15,27,45,73.90139912,4
1004,m756,5,Infubinol,Male,19,30,0,45.0,0
1005,m756,5,Infubinol,Male,19,30,5,47.01036401,1
1006,m957,45,Capomulin,Female,3,19,0,45.0,0
1007,m957,45,Capomulin,Female,3,19,5,45.62238149,1
1008,m957,45,Capomulin,Female,3,19,10,46.414517700000005,1
1009,m957,45,Capomulin,Female,3,19,15,39.80445341,1
1010,m957,45,Capomulin,Female,3,19,20,38.90934919,1
1011,m957,45,Capomulin,Female,3,19,25,37.69543154,1
1012,m957,45,Capomulin,Female,3,19,30,38.21247939,1
1013,m957,45,Capomulin,Female,3,19,35,32.56283914,1
1014,m957,45,Capomulin,Female,3,19,40,32.94761484,1
1015,m957,45,Capomulin,Female,3,19,45,33.32909778,1
1016,n304,45,Naftisol,Male,9,26,0,45.0,0
1017,n304,45,Naftisol,Male,9,26,5,46.43121629,0
1018,n304,45,Naftisol,Male,9,26,10,47.20125097,0
1019,n304,45,Naftisol,Male,9,26,15,48.47797895,0
1020,n304,45,Naftisol,Male,9,26,20,49.25330863,1
1021,n304,45,Naftisol,Male,9,26,25,53.97085924,2
1022,n304,45,Naftisol,Male,9,26,30,55.03901985,3
1023,n304,45,Naftisol,Male,9,26,35,57.12241926,4
1024,n304,45,Naftisol,Male,9,26,40,59.83050667,4
1025,n304,45,Naftisol,Male,9,26,45,63.58639514,4
1026,n364,45,Ramicane,Male,4,17,0,45.0,0
1027,n364,45,Ramicane,Male,4,17,5,45.52187471,0
1028,n364,45,Ramicane,Male,4,17,10,40.3751382,0
1029,n364,45,Ramicane,Male,4,17,15,36.94027399,0
1030,n364,45,Ramicane,Male,4,17,20,37.4788685,0
1031,n364,45,Ramicane,Male,4,17,25,33.20500824,0
1032,n364,45,Ramicane,Male,4,17,30,33.817758000000005,0
1033,n364,45,Ramicane,Male,4,17,35,34.48752204,1
1034,n364,45,Ramicane,Male,4,17,40,34.95473311,1
1035,n364,45,Ramicane,Male,4,17,45,31.09533505,1
1036,n482,0,Propriva,Female,4,29,0,45.0,0
1037,n630,5,Propriva,Female,15,29,0,45.0,0
1038,n630,5,Propriva,Female,15,29,5,46.09909969,0
1039,n671,30,Infubinol,Male,18,25,0,45.0,0
1040,n671,30,Infubinol,Male,18,25,5,47.35388938,0
1041,n671,30,Infubinol,Male,18,25,10,51.03935653,0
1042,n671,30,Infubinol,Male,18,25,15,54.21606411,0
1043,n671,30,Infubinol,Male,18,25,20,54.82252091,0
1044,n671,30,Infubinol,Male,18,25,25,56.17445785,0
1045,n671,30,Infubinol,Male,18,25,30,60.16518046,0
1046,n678,10,Propriva,Male,5,29,0,45.0,0
1047,n678,10,Propriva,Male,5,29,5,47.55428429,0
1048,n678,10,Propriva,Male,5,29,10,49.14570866,1
1049,n763,40,Placebo,Female,16,25,0,45.0,0
1050,n763,40,Placebo,Female,16,25,5,46.08598142,0
1051,n763,40,Placebo,Female,16,25,10,46.81731526,1
1052,n763,40,Placebo,Female,16,25,15,47.79809961,1
1053,n763,40,Placebo,Female,16,25,20,49.25812581,1
1054,n763,40,Placebo,Female,16,25,25,53.40587053,2
1055,n763,40,Placebo,Female,16,25,30,55.41365961,3
1056,n763,40,Placebo,Female,16,25,35,57.38241296,3
1057,n763,40,Placebo,Female,16,25,40,58.01114583,4
1058,n923,40,Ketapril,Male,19,30,0,45.0,0
1059,n923,40,Ketapril,Male,19,30,5,45.82488099,0
1060,n923,40,Ketapril,Male,19,30,10,48.79194986,1
1061,n923,40,Ketapril,Male,19,30,15,51.73870623,1
1062,n923,40,Ketapril,Male,19,30,20,52.59920611,1
1063,n923,40,Ketapril,Male,19,30,25,56.85546498,2
1064,n923,40,Ketapril,Male,19,30,30,59.63256052,3
1065,n923,40,Ketapril,Male,19,30,35,60.35629432,3
1066,n923,40,Ketapril,Male,19,30,40,66.22960554,3
1067,n967,15,Zoniferol,Male,11,27,0,45.0,0
1068,n967,15,Zoniferol,Male,11,27,5,46.07719173,1
1069,n967,15,Zoniferol,Male,11,27,10,47.47172327,1
1070,n967,15,Zoniferol,Male,11,27,15,49.82500362,1
1071,o287,45,Ceftamin,Male,2,28,0,45.0,0
1072,o287,45,Ceftamin,Male,2,28,5,45.58680362,0
1073,o287,45,Ceftamin,Male,2,28,10,47.36020084,1
1074,o287,45,Ceftamin,Male,2,28,15,48.67945261,1
1075,o287,45,Ceftamin,Male,2,28,20,50.85614078,2
1076,o287,45,Ceftamin,Male,2,28,25,52.06848642,3
1077,o287,45,Ceftamin,Male,2,28,30,54.50300122,3
1078,o287,45,Ceftamin,Male,2,28,35,55.11829029,4
1079,o287,45,Ceftamin,Male,2,28,40,57.1971929,4
1080,o287,45,Ceftamin,Male,2,28,45,59.74190064,4
1081,o302,30,Placebo,Female,2,29,0,45.0,0
1082,o302,30,Placebo,Female,2,29,5,48.93701188,0
1083,o302,30,Placebo,Female,2,29,10,49.70144989,0
1084,o302,30,Placebo,Female,2,29,15,51.38148886,0
1085,o302,30,Placebo,Female,2,29,20,56.17761143,0
1086,o302,30,Placebo,Female,2,29,25,60.51710253,0
1087,o302,30,Placebo,Female,2,29,30,62.03059364,1
1088,o331,45,Ketapril,Male,24,30,0,45.0,0
1089,o331,45,Ketapril,Male,24,30,5,47.05966408,1
1090,o331,45,Ketapril,Male,24,30,10,50.12845481,1
1091,o331,45,Ketapril,Male,24,30,15,54.78976769,1
1092,o331,45,Ketapril,Male,24,30,20,58.96572043,1
1093,o331,45,Ketapril,Male,24,30,25,61.10230575,1
1094,o331,45,Ketapril,Male,24,30,30,66.33066347,1
1095,o331,45,Ketapril,Male,24,30,35,70.12623754,2
1096,o331,45,Ketapril,Male,24,30,40,71.44774251,3
1097,o331,45,Ketapril,Male,24,30,45,78.56701362,4
1098,o523,10,Propriva,Female,6,25,0,45.0,0
1099,o523,10,Propriva,Female,6,25,5,45.54470008,0
1100,o523,10,Propriva,Female,6,25,10,47.0810859,1
1101,o562,45,Propriva,Female,4,25,0,45.0,0
1102,o562,45,Propriva,Female,4,25,5,46.51495016,1
1103,o562,45,Propriva,Female,4,25,10,47.14767002,1
1104,o562,45,Propriva,Female,4,25,15,51.50508551,1
1105,o562,45,Propriva,Female,4,25,20,53.61686347,1
1106,o562,45,Propriva,Female,4,25,25,54.74273316,1
1107,o562,45,Propriva,Female,4,25,30,59.65352453,1
1108,o562,45,Propriva,Female,4,25,35,65.36076742,1
1109,o562,45,Propriva,Female,4,25,40,71.17246321,1
1110,o562,45,Propriva,Female,4,25,45,72.45542116,2
1111,o725,15,Naftisol,Male,4,26,0,45.0,0
1112,o725,15,Naftisol,Male,4,26,5,46.88982098,0
1113,o725,15,Naftisol,Male,4,26,10,48.199452,0
1114,o725,15,Naftisol,Male,4,26,15,50.01507902,1
1115,o795,45,Placebo,Female,20,26,0,45.0,0
1116,o795,45,Placebo,Female,20,26,5,46.76092721,1
1117,o795,45,Placebo,Female,20,26,10,51.1237037,1
1118,o795,45,Placebo,Female,20,26,15,55.88633793,2
1119,o795,45,Placebo,Female,20,26,20,60.61005916,3
1120,o795,45,Placebo,Female,20,26,25,65.74177723,4
1121,o795,45,Placebo,Female,20,26,30,68.21706974,4
1122,o795,45,Placebo,Female,20,26,35,69.08509415,4
1123,o795,45,Placebo,Female,20,26,40,70.26647887,4
1124,o795,45,Placebo,Female,20,26,45,73.05945435,4
1125,o809,35,Infubinol,Male,3,25,0,45.0,0
1126,o809,35,Infubinol,Male,3,25,5,46.87724316,0
1127,o809,35,Infubinol,Male,3,25,10,48.6707318,0
1128,o809,35,Infubinol,Male,3,25,15,49.68344504,1
1129,o809,35,Infubinol,Male,3,25,20,50.33655288,1
1130,o809,35,Infubinol,Male,3,25,25,52.31817407,1
1131,o809,35,Infubinol,Male,3,25,30,54.832628799999995,1
1132,o809,35,Infubinol,Male,3,25,35,55.62942846,1
1133,o813,5,Infubinol,Male,24,28,0,45.0,0
1134,o813,5,Infubinol,Male,24,28,5,45.69933088,0
1135,o848,0,Stelasyn,Female,14,27,0,45.0,0
1136,o926,45,Zoniferol,Male,15,29,0,45.0,0
1137,o926,45,Zoniferol,Male,15,29,5,46.76116373,0
1138,o926,45,Zoniferol,Male,15,29,10,47.56567364,1
1139,o926,45,Zoniferol,Male,15,29,15,48.25424839,1
1140,o926,45,Zoniferol,Male,15,29,20,51.82663825,2
1141,o926,45,Zoniferol,Male,15,29,25,54.76333852,3
1142,o926,45,Zoniferol,Male,15,29,30,56.91739838,3
1143,o926,45,Zoniferol,Male,15,29,35,58.59399318,3
1144,o926,45,Zoniferol,Male,15,29,40,59.90304448,3
1145,o926,45,Zoniferol,Male,15,29,45,62.32796606,4
1146,o973,40,Ketapril,Female,11,29,0,45.0,0
1147,o973,40,Ketapril,Female,11,29,5,46.71787727,0
1148,o973,40,Ketapril,Female,11,29,10,48.24579043,0
1149,o973,40,Ketapril,Female,11,29,15,49.87193582,0
1150,o973,40,Ketapril,Female,11,29,20,51.956993100000005,1
1151,o973,40,Ketapril,Female,11,29,25,53.17981471,1
1152,o973,40,Ketapril,Female,11,29,30,57.76995952,1
1153,o973,40,Ketapril,Female,11,29,35,60.24221931,1
1154,o973,40,Ketapril,Female,11,29,40,64.48781246,2
1155,p136,45,Zoniferol,Female,5,28,0,45.0,0
1156,p136,45,Zoniferol,Female,5,28,5,49.27397096,0
1157,p136,45,Zoniferol,Female,5,28,10,50.90789028,0
1158,p136,45,Zoniferol,Female,5,28,15,51.99141616,1
1159,p136,45,Zoniferol,Female,5,28,20,54.91379857,1
1160,p136,45,Zoniferol,Female,5,28,25,56.28147652,1
1161,p136,45,Zoniferol,Female,5,28,30,57.05280546,1
1162,p136,45,Zoniferol,Female,5,28,35,57.63078195,1
1163,p136,45,Zoniferol,Female,5,28,40,61.38024887,1
1164,p136,45,Zoniferol,Female,5,28,45,63.48869678,2
1165,p189,45,Ketapril,Male,8,28,0,45.0,0
1166,p189,45,Ketapril,Male,8,28,5,49.04870704,1
1167,p189,45,Ketapril,Male,8,28,10,51.58216168,2
1168,p189,45,Ketapril,Male,8,28,15,53.6755415,2
1169,p189,45,Ketapril,Male,8,28,20,56.53020447,3
1170,p189,45,Ketapril,Male,8,28,25,62.10895956,3
1171,p189,45,Ketapril,Male,8,28,30,67.10453665,4
1172,p189,45,Ketapril,Male,8,28,35,67.87377675,4
1173,p189,45,Ketapril,Male,8,28,40,74.10609077,4
1174,p189,45,Ketapril,Male,8,28,45,75.2949359,4
1175,p310,25,Propriva,Male,6,26,0,45.0,0
1176,p310,25,Propriva,Male,6,26,5,46.55853236,1
1177,p310,25,Propriva,Male,6,26,10,48.66560668,1
1178,p310,25,Propriva,Male,6,26,15,49.77074144,1
1179,p310,25,Propriva,Male,6,26,20,54.20518054,1
1180,p310,25,Propriva,Male,6,26,25,55.34183416,2
1181,p387,40,Stelasyn,Male,3,30,0,45.0,0
1182,p387,40,Stelasyn,Male,3,30,5,48.66763075,0
1183,p387,40,Stelasyn,Male,3,30,10,53.36296294,0
1184,p387,40,Stelasyn,Male,3,30,15,55.25138033,0
1185,p387,40,Stelasyn,Male,3,30,20,56.58761679999999,0
1186,p387,40,Stelasyn,Male,3,30,25,58.09848946,0
1187,p387,40,Stelasyn,Male,3,30,30,63.26924552,0
1188,p387,40,Stelasyn,Male,3,30,35,66.4922038,1
1189,p387,40,Stelasyn,Male,3,30,40,69.03887618,1
1190,p438,45,Ceftamin,Female,11,26,0,45.0,0
1191,p438,45,Ceftamin,Female,11,26,5,46.82793418,0
1192,p438,45,Ceftamin,Female,11,26,10,50.51749789,0
1193,p438,45,Ceftamin,Female,11,26,15,52.19836818,0
1194,p438,45,Ceftamin,Female,11,26,20,52.90529861,0
1195,p438,45,Ceftamin,Female,11,26,25,54.51057493,0
1196,p438,45,Ceftamin,Female,11,26,30,56.40642173,0
1197,p438,45,Ceftamin,Female,11,26,35,57.53855546,1
1198,p438,45,Ceftamin,Female,11,26,40,59.30528806,1
1199,p438,45,Ceftamin,Female,11,26,45,61.43389223,1
1200,p981,35,Stelasyn,Male,20,29,0,45.0,0
1201,p981,35,Stelasyn,Male,20,29,5,47.00062717,0
1202,p981,35,Stelasyn,Male,20,29,10,47.54584585,0
1203,p981,35,Stelasyn,Male,20,29,15,49.65770973,0
1204,p981,35,Stelasyn,Male,20,29,20,50.35806947,0
1205,p981,35,Stelasyn,Male,20,29,25,52.5447048,1
1206,p981,35,Stelasyn,Male,20,29,30,56.33910432,1
1207,p981,35,Stelasyn,Male,20,29,35,59.13102297,1
1208,q119,10,Ketapril,Male,17,30,0,45.0,0
1209,q119,10,Ketapril,Male,17,30,5,47.86444,0
1210,q119,10,Ketapril,Male,17,30,10,51.23660557,0
1211,q132,30,Infubinol,Female,1,30,0,45.0,0
1212,q132,30,Infubinol,Female,1,30,5,46.7163985,1
1213,q132,30,Infubinol,Female,1,30,10,47.95384377,2
1214,q132,30,Infubinol,Female,1,30,15,49.15974862,3
1215,q132,30,Infubinol,Female,1,30,20,51.90902494,4
1216,q132,30,Infubinol,Female,1,30,25,52.78048929999999,4
1217,q132,30,Infubinol,Female,1,30,30,54.65654872,4
1218,q483,40,Ceftamin,Male,6,26,0,45.0,0
1219,q483,40,Ceftamin,Male,6,26,5,46.77681624,1
1220,q483,40,Ceftamin,Male,6,26,10,47.8391005,1
1221,q483,40,Ceftamin,Male,6,26,15,48.4684826,1
1222,q483,40,Ceftamin,Male,6,26,20,50.239855799999994,1
1223,q483,40,Ceftamin,Male,6,26,25,52.43006649,1
1224,q483,40,Ceftamin,Male,6,26,30,54.95222585,1
1225,q483,40,Ceftamin,Male,6,26,35,59.25348433,1
1226,q483,40,Ceftamin,Male,6,26,40,64.19234114,1
1227,q511,45,Zoniferol,Female,2,28,0,45.0,0
1228,q511,45,Zoniferol,Female,2,28,5,45.83265378,0
1229,q511,45,Zoniferol,Female,2,28,10,50.31164687,0
1230,q511,45,Zoniferol,Female,2,28,15,52.13308139,0
1231,q511,45,Zoniferol,Female,2,28,20,52.67271205,0
1232,q511,45,Zoniferol,Female,2,28,25,57.25758287,0
1233,q511,45,Zoniferol,Female,2,28,30,59.3643535,1
1234,q511,45,Zoniferol,Female,2,28,35,60.83866059,1
1235,q511,45,Zoniferol,Female,2,28,40,63.19442807,2
1236,q511,45,Zoniferol,Female,2,28,45,68.61106075,3
1237,q582,35,Placebo,Male,5,30,0,45.0,0
1238,q582,35,Placebo,Male,5,30,5,45.95539895,1
1239,q582,35,Placebo,Male,5,30,10,47.01357514,1
1240,q582,35,Placebo,Male,5,30,15,48.32264018,2
1241,q582,35,Placebo,Male,5,30,20,51.18597648,2
1242,q582,35,Placebo,Male,5,30,25,51.96821056,2
1243,q582,35,Placebo,Male,5,30,30,52.64889350000001,2
1244,q582,35,Placebo,Male,5,30,35,53.71315792,2
1245,q597,45,Ramicane,Male,20,25,0,45.0,0
1246,q597,45,Ramicane,Male,20,25,5,45.76611104,0
1247,q597,45,Ramicane,Male,20,25,10,42.53798598,0
1248,q597,45,Ramicane,Male,20,25,15,41.39566036,0
1249,q597,45,Ramicane,Male,20,25,20,41.9255866,0
1250,q597,45,Ramicane,Male,20,25,25,42.57570709,1
1251,q597,45,Ramicane,Male,20,25,30,43.33916123,1
1252,q597,45,Ramicane,Male,20,25,35,43.80720142,1
1253,q597,45,Ramicane,Male,20,25,40,44.47182121,2
1254,q597,45,Ramicane,Male,20,25,45,45.22086888,2
1255,q610,35,Ramicane,Female,18,21,0,45.0,0
1256,q610,35,Ramicane,Female,18,21,5,45.62949421,0
1257,q610,35,Ramicane,Female,18,21,10,44.99148471,0
1258,q610,35,Ramicane,Female,18,21,15,45.88902756,0
1259,q610,35,Ramicane,Female,18,21,20,46.58543347,0
1260,q610,35,Ramicane,Female,18,21,25,40.14645019,0
1261,q610,35,Ramicane,Female,18,21,30,40.66834256,1
1262,q610,35,Ramicane,Female,18,21,35,36.56165229,2
1263,q633,45,Zoniferol,Male,12,25,0,45.0,0
1264,q633,45,Zoniferol,Male,12,25,5,47.18380215,0
1265,q633,45,Zoniferol,Male,12,25,10,49.00186559,0
1266,q633,45,Zoniferol,Male,12,25,15,50.583557299999995,1
1267,q633,45,Zoniferol,Male,12,25,20,53.28728681,1
1268,q633,45,Zoniferol,Male,12,25,25,55.6831017,1
1269,q633,45,Zoniferol,Male,12,25,30,58.05725257,1
1270,q633,45,Zoniferol,Male,12,25,35,63.1256593,1
1271,q633,45,Zoniferol,Male,12,25,40,68.49863876,2
1272,q633,45,Zoniferol,Male,12,25,45,70.82779631,2
1273,q787,45,Placebo,Male,17,27,0,45.0,0
1274,q787,45,Placebo,Male,17,27,5,47.11661587,0
1275,q787,45,Placebo,Male,17,27,10,48.59386234,1
1276,q787,45,Placebo,Male,17,27,15,49.21773243,2
1277,q787,45,Placebo,Male,17,27,20,50.22993419,2
1278,q787,45,Placebo,Male,17,27,25,52.71318786,2
1279,q787,45,Placebo,Male,17,27,30,55.03620625,2
1280,q787,45,Placebo,Male,17,27,35,60.33385242,3
1281,q787,45,Placebo,Male,17,27,40,62.0341267,3
1282,q787,45,Placebo,Male,17,27,45,66.09647477,3
1283,r107,30,Propriva,Female,2,28,0,45.0,0
1284,r107,30,Propriva,Female,2,28,5,48.51342027,0
1285,r107,30,Propriva,Female,2,28,10,49.18601052,0
1286,r107,30,Propriva,Female,2,28,15,53.09033546,0
1287,r107,30,Propriva,Female,2,28,20,55.263858400000004,0
1288,r107,30,Propriva,Female,2,28,25,57.70666715,1
1289,r107,30,Propriva,Female,2,28,30,58.40647256,1
1290,r157,15,Capomulin,Male,22,25,0,45.0,0
1291,r157,15,Capomulin,Male,22,25,5,45.59706359,0
1292,r157,15,Capomulin,Male,22,25,10,46.05960827,0
1293,r157,15,Capomulin,Male,22,25,15,46.53920617,0
1294,r554,45,Capomulin,Female,8,17,0,45.0,0
1295,r554,45,Capomulin,Female,8,17,5,45.78174579,1
1296,r554,45,Capomulin,Female,8,17,10,39.0054935,2
1297,r554,45,Capomulin,Female,8,17,15,35.46375763,2
1298,r554,45,Capomulin,Female,8,17,20,36.01558858,2
1299,r554,45,Capomulin,Female,8,17,25,33.89334515,3
1300,r554,45,Capomulin,Female,8,17,30,32.68065459,3
1301,r554,45,Capomulin,Female,8,17,35,33.06933705,3
1302,r554,45,Capomulin,Female,8,17,40,31.80484133,3
1303,r554,45,Capomulin,Female,8,17,45,32.37735684,3
1304,r604,45,Naftisol,Male,7,30,0,45.0,0
1305,r604,45,Naftisol,Male,7,30,5,47.06774448,1
1306,r604,45,Naftisol,Male,7,30,10,48.78655957,1
1307,r604,45,Naftisol,Male,7,30,15,51.07452073,1
1308,r604,45,Naftisol,Male,7,30,20,51.90275292,1
1309,r604,45,Naftisol,Male,7,30,25,52.93685812,1
1310,r604,45,Naftisol,Male,7,30,30,54.68821536,2
1311,r604,45,Naftisol,Male,7,30,35,59.21700015,2
1312,r604,45,Naftisol,Male,7,30,40,60.18611531,2
1313,r604,45,Naftisol,Male,7,30,45,62.67075904,3
1314,r701,45,Naftisol,Male,21,25,0,45.0,0
1315,r701,45,Naftisol,Male,21,25,5,46.88697137,0
1316,r701,45,Naftisol,Male,21,25,10,49.65459636,0
1317,r701,45,Naftisol,Male,21,25,15,52.48480443,0
1318,r701,45,Naftisol,Male,21,25,20,54.11413742,0
1319,r701,45,Naftisol,Male,21,25,25,57.89848998,1
1320,r701,45,Naftisol,Male,21,25,30,60.34181872,1
1321,r701,45,Naftisol,Male,21,25,35,64.73001045,1
1322,r701,45,Naftisol,Male,21,25,40,66.64072178,1
1323,r701,45,Naftisol,Male,21,25,45,69.77854407,1
1324,r811,45,Ramicane,Male,9,19,0,45.0,0
1325,r811,45,Ramicane,Male,9,19,5,45.62580225,0
1326,r811,45,Ramicane,Male,9,19,10,39.453903000000004,0
1327,r811,45,Ramicane,Male,9,19,15,40.02229235,0
1328,r811,45,Ramicane,Male,9,19,20,40.7728027,0
1329,r811,45,Ramicane,Male,9,19,25,37.61401068,0
1330,r811,45,Ramicane,Male,9,19,30,38.24206639,0
1331,r811,45,Ramicane,Male,9,19,35,36.00302016,1
1332,r811,45,Ramicane,Male,9,19,40,36.5200329,1
1333,r811,45,Ramicane,Male,9,19,45,37.22565033,1
1334,r850,15,Placebo,Male,5,30,0,45.0,0
1335,r850,15,Placebo,Male,5,30,5,46.86291194,0
1336,r850,15,Placebo,Male,5,30,10,48.51509085,1
1337,r850,15,Placebo,Male,5,30,15,50.21860469,1
1338,r921,30,Ramicane,Female,5,25,0,45.0,0
1339,r921,30,Ramicane,Female,5,25,5,45.56821083,0
1340,r921,30,Ramicane,Female,5,25,10,42.71192694,0
1341,r921,30,Ramicane,Female,5,25,15,43.52726054,0
1342,r921,30,Ramicane,Female,5,25,20,44.13631588,0
1343,r921,30,Ramicane,Female,5,25,25,42.65534089,1
1344,r921,30,Ramicane,Female,5,25,30,43.41938077,1
1345,r944,45,Capomulin,Male,12,25,0,45.0,0
1346,r944,45,Capomulin,Male,12,25,5,45.73714484,0
1347,r944,45,Capomulin,Male,12,25,10,46.54429202,0
1348,r944,45,Capomulin,Male,12,25,15,47.37342325,0
1349,r944,45,Capomulin,Male,12,25,20,43.22567119,1
1350,r944,45,Capomulin,Male,12,25,25,41.08699106,1
1351,r944,45,Capomulin,Male,12,25,30,41.68079111,1
1352,r944,45,Capomulin,Male,12,25,35,40.40176542,2
1353,r944,45,Capomulin,Male,12,25,40,41.04204489999999,2
1354,r944,45,Capomulin,Male,12,25,45,41.58152074,2
1355,s121,25,Infubinol,Male,23,26,0,45.0,0
1356,s121,25,Infubinol,Male,23,26,5,45.63566174,1
1357,s121,25,Infubinol,Male,23,26,10,49.04883479,1
1358,s121,25,Infubinol,Male,23,26,15,50.82456031,2
1359,s121,25,Infubinol,Male,23,26,20,52.0050659,2
1360,s121,25,Infubinol,Male,23,26,25,55.65068132,2
1361,s141,30,Propriva,Male,8,25,0,45.0,0
1362,s141,30,Propriva,Male,8,25,5,45.83113434,0
1363,s141,30,Propriva,Male,8,25,10,47.23569156,0
1364,s141,30,Propriva,Male,8,25,15,49.23234538,1
1365,s141,30,Propriva,Male,8,25,20,51.6216457,1
1366,s141,30,Propriva,Male,8,25,25,53.80437038,1
1367,s141,30,Propriva,Male,8,25,30,55.84141007,1
1368,s152,25,Placebo,Female,4,30,0,45.0,0
1369,s152,25,Placebo,Female,4,30,5,47.459052899999996,1
1370,s152,25,Placebo,Female,4,30,10,52.1816442,2
1371,s152,25,Placebo,Female,4,30,15,57.22498064,2
1372,s152,25,Placebo,Female,4,30,20,62.35160945,2
1373,s152,25,Placebo,Female,4,30,25,64.11914213,2
1374,s166,10,Placebo,Male,19,27,0,45.0,0
1375,s166,10,Placebo,Male,19,27,5,47.18678778,0
1376,s166,10,Placebo,Male,19,27,10,49.00012468,0
1377,s185,45,Capomulin,Female,3,17,0,45.0,0
1378,s185,45,Capomulin,Female,3,17,5,43.87849569,0
1379,s185,45,Capomulin,Female,3,17,10,37.61494768,0
1380,s185,45,Capomulin,Female,3,17,15,38.17723195,0
1381,s185,45,Capomulin,Female,3,17,20,36.86687576,0
1382,s185,45,Capomulin,Female,3,17,25,33.94994037,0
1383,s185,45,Capomulin,Female,3,17,30,32.95967078,1
1384,s185,45,Capomulin,Female,3,17,35,28.32853059,1
1385,s185,45,Capomulin,Female,3,17,40,25.47214326,1
1386,s185,45,Capomulin,Female,3,17,45,23.34359787,1
1387,s187,30,Propriva,Male,22,25,0,45.0,0
1388,s187,30,Propriva,Male,22,25,5,47.57671761,1
1389,s187,30,Propriva,Male,22,25,10,48.14635121,1
1390,s187,30,Propriva,Male,22,25,15,52.08163225,1
1391,s187,30,Propriva,Male,22,25,20,53.74473406,1
1392,s187,30,Propriva,Male,22,25,25,56.48521984,1
1393,s187,30,Propriva,Male,22,25,30,60.00878263,2
1394,s337,45,Zoniferol,Male,14,27,0,45.0,0
1395,s337,45,Zoniferol,Male,14,27,5,46.84985157,0
1396,s337,45,Zoniferol,Male,14,27,10,47.8944415,0
1397,s337,45,Zoniferol,Male,14,27,15,48.57151582,0
1398,s337,45,Zoniferol,Male,14,27,20,49.20205408,1
1399,s337,45,Zoniferol,Male,14,27,25,50.9706889,2
1400,s337,45,Zoniferol,Male,14,27,30,52.74771768,3
1401,s337,45,Zoniferol,Male,14,27,35,54.81081251,3
1402,s337,45,Zoniferol,Male,14,27,40,56.99481589,4
1403,s337,45,Zoniferol,Male,14,27,45,62.10965102,4
1404,s508,45,Ramicane,Male,1,17,0,45.0,0
1405,s508,45,Ramicane,Male,1,17,5,38.71187185,0
1406,s508,45,Ramicane,Male,1,17,10,34.850997899999996,0
1407,s508,45,Ramicane,Male,1,17,15,35.27690634,0
1408,s508,45,Ramicane,Male,1,17,20,35.92865083,0
1409,s508,45,Ramicane,Male,1,17,25,36.33856894,0
1410,s508,45,Ramicane,Male,1,17,30,35.47402235,0
1411,s508,45,Ramicane,Male,1,17,35,35.8461407,0
1412,s508,45,Ramicane,Male,1,17,40,32.79817119,0
1413,s508,45,Ramicane,Male,1,17,45,30.27623175,0
1414,s565,45,Stelasyn,Female,3,29,0,45.0,0
1415,s565,45,Stelasyn,Female,3,29,5,48.24255218,0
1416,s565,45,Stelasyn,Female,3,29,10,52.77752710000001,0
1417,s565,45,Stelasyn,Female,3,29,15,54.32831664,1
1418,s565,45,Stelasyn,Female,3,29,20,57.04618912,1
1419,s565,45,Stelasyn,Female,3,29,25,58.55361079,1
1420,s565,45,Stelasyn,Female,3,29,30,63.66896678,1
1421,s565,45,Stelasyn,Female,3,29,35,64.77657909,2
1422,s565,45,Stelasyn,Female,3,29,40,67.22100698,2
1423,s565,45,Stelasyn,Female,3,29,45,72.58896447,2
1424,s619,5,Stelasyn,Male,22,30,0,45.0,0
1425,s619,5,Stelasyn,Male,22,30,5,46.60226878,0
1426,s710,45,Capomulin,Female,1,23,0,45.0,0
1427,s710,45,Capomulin,Female,1,23,5,43.180977399999996,0
1428,s710,45,Capomulin,Female,1,23,10,43.68802627,0
1429,s710,45,Capomulin,Female,1,23,15,41.84523536,0
1430,s710,45,Capomulin,Female,1,23,20,42.62996266,1
1431,s710,45,Capomulin,Female,1,23,25,43.06040875,1
1432,s710,45,Capomulin,Female,1,23,30,43.57170323,1
1433,s710,45,Capomulin,Female,1,23,35,44.16051879,1
1434,s710,45,Capomulin,Female,1,23,40,40.17192011,1
1435,s710,45,Capomulin,Female,1,23,45,40.72857787,1
1436,t198,45,Propriva,Male,22,26,0,45.0,0
1437,t198,45,Propriva,Male,22,26,5,47.46126052,0
1438,t198,45,Propriva,Male,22,26,10,49.00080978,1
1439,t198,45,Propriva,Male,22,26,15,49.781180799999994,2
1440,t198,45,Propriva,Male,22,26,20,51.49073998,3
1441,t198,45,Propriva,Male,22,26,25,56.18466399,3
1442,t198,45,Propriva,Male,22,26,30,56.92497431,3
1443,t198,45,Propriva,Male,22,26,35,57.73594116,3
1444,t198,45,Propriva,Male,22,26,40,59.12995997,4
1445,t198,45,Propriva,Male,22,26,45,64.91136268,4
1446,t451,45,Stelasyn,Male,8,29,0,45.0,0
1447,t451,45,Stelasyn,Male,8,29,5,48.04713882,0
1448,t451,45,Stelasyn,Male,8,29,10,48.95791906,0
1449,t451,45,Stelasyn,Male,8,29,15,49.65278772,0
1450,t451,45,Stelasyn,Male,8,29,20,51.06367793,0
1451,t451,45,Stelasyn,Male,8,29,25,55.52755345,0
1452,t451,45,Stelasyn,Male,8,29,30,59.27582268,0
1453,t451,45,Stelasyn,Male,8,29,35,63.75698964,0
1454,t451,45,Stelasyn,Male,8,29,40,67.65479599,1
1455,t451,45,Stelasyn,Male,8,29,45,68.7116302,1
1456,t565,45,Capomulin,Female,20,17,0,45.0,0
1457,t565,45,Capomulin,Female,20,17,5,45.8956472,0
1458,t565,45,Capomulin,Female,20,17,10,46.74900552,0
1459,t565,45,Capomulin,Female,20,17,15,44.44094861,0
1460,t565,45,Capomulin,Female,20,17,20,39.0702138,0
1461,t565,45,Capomulin,Female,20,17,25,37.34220976,0
1462,t565,45,Capomulin,Female,20,17,30,32.86891617,0
1463,t565,45,Capomulin,Female,20,17,35,33.51567063,0
1464,t565,45,Capomulin,Female,20,17,40,33.94934131,0
1465,t565,45,Capomulin,Female,20,17,45,34.45529799,0
1466,t573,0,Ceftamin,Female,15,27,0,45.0,0
1467,t718,45,Placebo,Female,10,30,0,45.0,0
1468,t718,45,Placebo,Female,10,30,5,45.92125272,1
1469,t718,45,Placebo,Female,10,30,10,46.39268805,1
1470,t718,45,Placebo,Female,10,30,15,48.08512552,1
1471,t718,45,Placebo,Female,10,30,20,52.6367,2
1472,t718,45,Placebo,Female,10,30,25,55.87658787,3
1473,t718,45,Placebo,Female,10,30,30,57.70411372,3
1474,t718,45,Placebo,Female,10,30,35,60.46389851,3
1475,t718,45,Placebo,Female,10,30,40,61.530398899999994,3
1476,t718,45,Placebo,Female,10,30,45,63.42369517,4
1477,t724,45,Naftisol,Female,2,25,0,45.0,0
1478,t724,45,Naftisol,Female,2,25,5,46.35925829,0
1479,t724,45,Naftisol,Female,2,25,10,50.70389965,0
1480,t724,45,Naftisol,Female,2,25,15,55.58461724,0
1481,t724,45,Naftisol,Female,2,25,20,57.22940914,0
1482,t724,45,Naftisol,Female,2,25,25,59.82606797,1
1483,t724,45,Naftisol,Female,2,25,30,64.2345947,2
1484,t724,45,Naftisol,Female,2,25,35,67.74432795,2
1485,t724,45,Naftisol,Female,2,25,40,69.72832559,2
1486,t724,45,Naftisol,Female,2,25,45,75.11328801,2
1487,t994,20,Placebo,Male,14,30,0,45.0,0
1488,t994,20,Placebo,Male,14,30,5,47.891487100000006,0
1489,t994,20,Placebo,Male,14,30,10,52.614163500000004,1
1490,t994,20,Placebo,Male,14,30,15,53.45863887,1
1491,t994,20,Placebo,Male,14,30,20,56.52795159,1
1492,u149,25,Ceftamin,Male,24,29,0,45.0,0
1493,u149,25,Ceftamin,Male,24,29,5,45.79206792,0
1494,u149,25,Ceftamin,Male,24,29,10,47.40483439,0
1495,u149,25,Ceftamin,Male,24,29,15,48.52237343,0
1496,u149,25,Ceftamin,Male,24,29,20,50.37805789,0
1497,u149,25,Ceftamin,Male,24,29,25,52.92534846,0
1498,u153,0,Ceftamin,Female,11,25,0,45.0,0
1499,u196,45,Ramicane,Male,18,25,0,45.0,0
1500,u196,45,Ramicane,Male,18,25,5,45.55746444,1
1501,u196,45,Ramicane,Male,18,25,10,46.42294306,1
1502,u196,45,Ramicane,Male,18,25,15,47.22717065,1
1503,u196,45,Ramicane,Male,18,25,20,46.10536303,1
1504,u196,45,Ramicane,Male,18,25,25,46.70532539999999,1
1505,u196,45,Ramicane,Male,18,25,30,47.62281636,2
1506,u196,45,Ramicane,Male,18,25,35,47.00146542,2
1507,u196,45,Ramicane,Male,18,25,40,43.45368679,2
1508,u196,45,Ramicane,Male,18,25,45,40.66771292,3
1509,u327,45,Ketapril,Male,17,25,0,45.0,0
1510,u327,45,Ketapril,Male,17,25,5,45.69418805,0
1511,u327,45,Ketapril,Male,17,25,10,49.23525948,0
1512,u327,45,Ketapril,Male,17,25,15,50.65996437,0
1513,u327,45,Ketapril,Male,17,25,20,53.18987907,0
1514,u327,45,Ketapril,Male,17,25,25,56.05963409,0
1515,u327,45,Ketapril,Male,17,25,30,57.31407239,0
1516,u327,45,Ketapril,Male,17,25,35,58.08902837,1
1517,u327,45,Ketapril,Male,17,25,40,60.46654541,1
1518,u327,45,Ketapril,Male,17,25,45,66.26880133,2
1519,u364,45,Capomulin,Male,18,17,0,45.0,0
1520,u364,45,Capomulin,Male,18,17,5,45.76088647,1
1521,u364,45,Capomulin,Male,18,17,10,46.56841719,2
1522,u364,45,Capomulin,Male,18,17,15,47.21219992,2
1523,u364,45,Capomulin,Male,18,17,20,40.34394812,2
1524,u364,45,Capomulin,Male,18,17,25,35.50361557,2
1525,u364,45,Capomulin,Male,18,17,30,35.9783344,2
1526,u364,45,Capomulin,Male,18,17,35,35.45948978,2
1527,u364,45,Capomulin,Male,18,17,40,36.02413752,2
1528,u364,45,Capomulin,Male,18,17,45,31.02392294,3
1529,u946,20,Propriva,Male,5,30,0,45.0,0
1530,u946,20,Propriva,Male,5,30,5,45.9918078,1
1531,u946,20,Propriva,Male,5,30,10,46.73050592,1
1532,u946,20,Propriva,Male,5,30,15,47.67302921,1
1533,u946,20,Propriva,Male,5,30,20,49.11004966,1
1534,v199,0,Naftisol,Female,17,29,0,45.0,0
1535,v289,25,Ketapril,Female,3,26,0,45.0,0
1536,v289,25,Ketapril,Female,3,26,5,46.20446003,0
1537,v289,25,Ketapril,Female,3,26,10,48.13348207,0
1538,v289,25,Ketapril,Female,3,26,15,52.60216564,0
1539,v289,25,Ketapril,Female,3,26,20,54.25005397,0
1540,v289,25,Ketapril,Female,3,26,25,56.72009545,0
1541,v295,40,Naftisol,Female,2,27,0,45.0,0
1542,v295,40,Naftisol,Female,2,27,5,46.11181797,1
1543,v295,40,Naftisol,Female,2,27,10,47.53946216,2
1544,v295,40,Naftisol,Female,2,27,15,50.66605391,2
1545,v295,40,Naftisol,Female,2,27,20,55.73137535,3
1546,v295,40,Naftisol,Female,2,27,25,57.69185918,3
1547,v295,40,Naftisol,Female,2,27,30,59.33377202,3
1548,v295,40,Naftisol,Female,2,27,35,61.89315267,3
1549,v295,40,Naftisol,Female,2,27,40,65.46607444,3
1550,v339,5,Infubinol,Male,20,26,0,45.0,0
1551,v339,5,Infubinol,Male,20,26,5,46.25011212,0
1552,v409,10,Placebo,Female,16,25,0,45.0,0
1553,v409,10,Placebo,Female,16,25,5,46.22079642,0
1554,v409,10,Placebo,Female,16,25,10,50.64903842,1
1555,v603,35,Ketapril,Female,22,30,0,45.0,0
1556,v603,35,Ketapril,Female,22,30,5,46.01600593,0
1557,v603,35,Ketapril,Female,22,30,10,47.8305568,0
1558,v603,35,Ketapril,Female,22,30,15,52.10294744,0
1559,v603,35,Ketapril,Female,22,30,20,53.72124193,0
1560,v603,35,Ketapril,Female,22,30,25,56.07523001,1
1561,v603,35,Ketapril,Female,22,30,30,57.99055378,1
1562,v603,35,Ketapril,Female,22,30,35,63.18943184,1
1563,v719,20,Infubinol,Female,17,30,0,45.0,0
1564,v719,20,Infubinol,Female,17,30,5,47.18836325,0
1565,v719,20,Infubinol,Female,17,30,10,51.49705412,1
1566,v719,20,Infubinol,Female,17,30,15,52.60910758,1
1567,v719,20,Infubinol,Female,17,30,20,54.04860769,1
1568,v764,15,Stelasyn,Female,5,30,0,45.0,0
1569,v764,15,Stelasyn,Female,5,30,5,47.05418474,0
1570,v764,15,Stelasyn,Female,5,30,10,48.18900062,1
1571,v764,15,Stelasyn,Female,5,30,15,49.41262418,2
1572,v766,15,Infubinol,Male,16,27,0,45.0,0
1573,v766,15,Infubinol,Male,16,27,5,48.15125091,1
1574,v766,15,Infubinol,Male,16,27,10,50.36310988,1
1575,v766,15,Infubinol,Male,16,27,15,51.54243058,1
1576,v835,20,Naftisol,Male,7,29,0,45.0,0
1577,v835,20,Naftisol,Male,7,29,5,47.15601071,0
1578,v835,20,Naftisol,Male,7,29,10,48.96591797,0
1579,v835,20,Naftisol,Male,7,29,15,50.54520646,1
1580,v835,20,Naftisol,Male,7,29,20,51.29654266,2
1581,v923,45,Capomulin,Female,19,21,0,45.0,0
1582,v923,45,Capomulin,Female,19,21,5,45.70443431,0
1583,v923,45,Capomulin,Female,19,21,10,39.84822328,0
1584,v923,45,Capomulin,Female,19,21,15,40.45798877,0
1585,v923,45,Capomulin,Female,19,21,20,39.64829568,0
1586,v923,45,Capomulin,Female,19,21,25,40.15641269,1
1587,v923,45,Capomulin,Female,19,21,30,40.75221626,2
1588,v923,45,Capomulin,Female,19,21,35,41.43924156,2
1589,v923,45,Capomulin,Female,19,21,40,42.1510148,2
1590,v923,45,Capomulin,Female,19,21,45,40.65812366,2
1591,v989,10,Placebo,Male,4,25,0,45.0,0
1592,v989,10,Placebo,Male,4,25,5,48.85813451,0
1593,v989,10,Placebo,Male,4,25,10,52.61468889,1
1594,v991,45,Propriva,Female,10,30,0,45.0,0
1595,v991,45,Propriva,Female,10,30,5,49.21432799,1
1596,v991,45,Propriva,Female,10,30,10,52.6449057,1
1597,v991,45,Propriva,Female,10,30,15,54.588591,1
1598,v991,45,Propriva,Female,10,30,20,57.74069459,2
1599,v991,45,Propriva,Female,10,30,25,60.01674733,2
1600,v991,45,Propriva,Female,10,30,30,62.74364308,3
1601,v991,45,Propriva,Female,10,30,35,63.89531294,4
1602,v991,45,Propriva,Female,10,30,40,64.8511286,4
1603,v991,45,Propriva,Female,10,30,45,70.16774899,4
1604,w140,5,Zoniferol,Female,19,30,0,45.0,0
1605,w140,5,Zoniferol,Female,19,30,5,47.71795156,0
1606,w150,10,Capomulin,Male,23,23,0,45.0,0
1607,w150,10,Capomulin,Male,23,23,5,39.20212894,0
1608,w150,10,Capomulin,Male,23,23,10,39.95234669,0
1609,w151,45,Ceftamin,Male,24,25,0,45.0,0
1610,w151,45,Ceftamin,Male,24,25,5,45.54607595,1
1611,w151,45,Ceftamin,Male,24,25,10,46.50147609,1
1612,w151,45,Ceftamin,Male,24,25,15,47.24292865,1
1613,w151,45,Ceftamin,Male,24,25,20,49.55426295,2
1614,w151,45,Ceftamin,Male,24,25,25,51.869058700000004,2
1615,w151,45,Ceftamin,Male,24,25,30,56.76715821,2
1616,w151,45,Ceftamin,Male,24,25,35,58.33914095,2
1617,w151,45,Ceftamin,Male,24,25,40,62.18795039,2
1618,w151,45,Ceftamin,Male,24,25,45,67.52748237,3
1619,w167,35,Placebo,Female,6,28,0,45.0,0
1620,w167,35,Placebo,Female,6,28,5,48.78627194,0
1621,w167,35,Placebo,Female,6,28,10,51.82640965,0
1622,w167,35,Placebo,Female,6,28,15,53.90048909,0
1623,w167,35,Placebo,Female,6,28,20,57.54815669,0
1624,w167,35,Placebo,Female,6,28,25,61.86857673,0
1625,w167,35,Placebo,Female,6,28,30,67.19787186,0
1626,w167,35,Placebo,Female,6,28,35,68.13428817,0
1627,w193,20,Infubinol,Male,22,30,0,45.0,0
1628,w193,20,Infubinol,Male,22,30,5,45.49385802,0
1629,w193,20,Infubinol,Male,22,30,10,48.34655046,0
1630,w193,20,Infubinol,Male,22,30,15,49.38557373,0
1631,w193,20,Infubinol,Male,22,30,20,50.00513807,0
1632,w350,45,Propriva,Male,7,26,0,45.0,0
1633,w350,45,Propriva,Male,7,26,5,48.23211311,0
1634,w350,45,Propriva,Male,7,26,10,48.89955238,0
1635,w350,45,Propriva,Male,7,26,15,50.8546323,1
1636,w350,45,Propriva,Male,7,26,20,52.13232061,1
1637,w350,45,Propriva,Male,7,26,25,52.80591518,1
1638,w350,45,Propriva,Male,7,26,30,55.87990896,1
1639,w350,45,Propriva,Male,7,26,35,56.68355758,1
1640,w350,45,Propriva,Male,7,26,40,62.32434769,2
1641,w350,45,Propriva,Male,7,26,45,64.95756185,2
1642,w422,45,Ketapril,Female,18,26,0,45.0,0
1643,w422,45,Ketapril,Female,18,26,5,48.45745927,0
1644,w422,45,Ketapril,Female,18,26,10,49.93597024,0
1645,w422,45,Ketapril,Female,18,26,15,52.24630985,0
1646,w422,45,Ketapril,Female,18,26,20,53.67624336,1
1647,w422,45,Ketapril,Female,18,26,25,56.95791715,2
1648,w422,45,Ketapril,Female,18,26,30,60.09663467,3
1649,w422,45,Ketapril,Female,18,26,35,61.40961994,4
1650,w422,45,Ketapril,Female,18,26,40,63.07258467,4
1651,w422,45,Ketapril,Female,18,26,45,67.98953001,4
1652,w540,25,Stelasyn,Female,8,26,0,45.0,0
1653,w540,25,Stelasyn,Female,8,26,5,45.88537038,1
1654,w540,25,Stelasyn,Female,8,26,10,47.45906658,1
1655,w540,25,Stelasyn,Female,8,26,15,48.25014636,2
1656,w540,25,Stelasyn,Female,8,26,20,50.67272745,2
1657,w540,25,Stelasyn,Female,8,26,25,52.60026955,2
1658,w575,45,Zoniferol,Female,16,28,0,45.0,0
1659,w575,45,Zoniferol,Female,16,28,5,48.91385977,1
1660,w575,45,Zoniferol,Female,16,28,10,50.13595547,1
1661,w575,45,Zoniferol,Female,16,28,15,50.86745176,1
1662,w575,45,Zoniferol,Female,16,28,20,55.5918155,1
1663,w575,45,Zoniferol,Female,16,28,25,58.58732169,1
1664,w575,45,Zoniferol,Female,16,28,30,60.15306524,1
1665,w575,45,Zoniferol,Female,16,28,35,63.68644503,2
1666,w575,45,Zoniferol,Female,16,28,40,64.93840621,3
1667,w575,45,Zoniferol,Female,16,28,45,68.40128593,3
1668,w584,30,Infubinol,Male,3,29,0,45.0,0
1669,w584,30,Infubinol,Male,3,29,5,46.05193075,0
1670,w584,30,Infubinol,Male,3,29,10,47.29850794,0
1671,w584,30,Infubinol,Male,3,29,15,51.26543971,0
1672,w584,30,Infubinol,Male,3,29,20,53.32350743,1
1673,w584,30,Infubinol,Male,3,29,25,55.65083791,1
1674,w584,30,Infubinol,Male,3,29,30,58.26844248,1
1675,w678,5,Ramicane,Female,5,24,0,45.0,0
1676,w678,5,Ramicane,Female,5,24,5,43.16637266,0
1677,w697,35,Stelasyn,Female,14,30,0,45.0,0
1678,w697,35,Stelasyn,Female,14,30,5,48.30182261,1
1679,w697,35,Stelasyn,Female,14,30,10,48.925056,2
1680,w697,35,Stelasyn,Female,14,30,15,52.65726519,2
1681,w697,35,Stelasyn,Female,14,30,20,54.22809098,3
1682,w697,35,Stelasyn,Female,14,30,25,57.610394299999996,3
1683,w697,35,Stelasyn,Female,14,30,30,60.72063591,3
1684,w697,35,Stelasyn,Female,14,30,35,63.68904216,3
1685,w746,5,Propriva,Male,1,26,0,45.0,0
1686,w746,5,Propriva,Male,1,26,5,49.45327005,0
1687,w914,45,Capomulin,Male,24,21,0,45.0,0
1688,w914,45,Capomulin,Male,24,21,5,45.89372032,0
1689,w914,45,Capomulin,Male,24,21,10,43.23196275,0
1690,w914,45,Capomulin,Male,24,21,15,43.68844893,0
1691,w914,45,Capomulin,Male,24,21,20,41.10809233,0
1692,w914,45,Capomulin,Male,24,21,25,40.29191661,0
1693,w914,45,Capomulin,Male,24,21,30,40.99311013,0
1694,w914,45,Capomulin,Male,24,21,35,41.66491577,1
1695,w914,45,Capomulin,Male,24,21,40,35.61130861,2
1696,w914,45,Capomulin,Male,24,21,45,36.04104736,2
1697,x111,10,Propriva,Female,24,27,0,45.0,0
1698,x111,10,Propriva,Female,24,27,5,46.94101498,1
1699,x111,10,Propriva,Female,24,27,10,49.12296898,1
1700,x209,10,Propriva,Female,7,29,0,45.0,0
1701,x209,10,Propriva,Female,7,29,5,46.75426887,0
1702,x209,10,Propriva,Female,7,29,10,48.92989543,0
1703,x226,0,Ceftamin,Male,23,28,0,45.0,0
1704,x264,40,Naftisol,Female,21,27,0,45.0,0
1705,x264,40,Naftisol,Female,21,27,5,47.0384145,0
1706,x264,40,Naftisol,Female,21,27,10,47.88712765,1
1707,x264,40,Naftisol,Female,21,27,15,50.00231403,1
1708,x264,40,Naftisol,Female,21,27,20,53.07426973,1
1709,x264,40,Naftisol,Female,21,27,25,56.89105283,2
1710,x264,40,Naftisol,Female,21,27,30,58.15869423,3
1711,x264,40,Naftisol,Female,21,27,35,61.29960778,4
1712,x264,40,Naftisol,Female,21,27,40,63.28328821,4
1713,x336,0,Naftisol,Female,4,29,0,45.0,0
1714,x401,45,Capomulin,Female,16,15,0,45.0,0
1715,x401,45,Capomulin,Female,16,15,5,45.47375302,0
1716,x401,45,Capomulin,Female,16,15,10,39.11389068,0
1717,x401,45,Capomulin,Female,16,15,15,39.77625003,0
1718,x401,45,Capomulin,Female,16,15,20,36.06583471,0
1719,x401,45,Capomulin,Female,16,15,25,36.61712031,0
1720,x401,45,Capomulin,Female,16,15,30,32.91529186,0
1721,x401,45,Capomulin,Female,16,15,35,30.20682488,0
1722,x401,45,Capomulin,Female,16,15,40,28.16739732,0
1723,x401,45,Capomulin,Female,16,15,45,28.48403281,0
1724,x402,45,Stelasyn,Male,21,28,0,45.0,0
1725,x402,45,Stelasyn,Male,21,28,5,46.32757027,1
1726,x402,45,Stelasyn,Male,21,28,10,46.88696249,1
1727,x402,45,Stelasyn,Male,21,28,15,49.11994779999999,1
1728,x402,45,Stelasyn,Male,21,28,20,50.41475041,2
1729,x402,45,Stelasyn,Male,21,28,25,52.43173664,2
1730,x402,45,Stelasyn,Male,21,28,30,54.35158463,3
1731,x402,45,Stelasyn,Male,21,28,35,55.24096223,3
1732,x402,45,Stelasyn,Male,21,28,40,56.69172294,3
1733,x402,45,Stelasyn,Male,21,28,45,61.61960615,3
1734,x581,45,Ceftamin,Female,19,28,0,45.0,0
1735,x581,45,Ceftamin,Female,19,28,5,47.1969266,0
1736,x581,45,Ceftamin,Female,19,28,10,49.06702788,1
1737,x581,45,Ceftamin,Female,19,28,15,49.74642744,2
1738,x581,45,Ceftamin,Female,19,28,20,51.20796943,3
1739,x581,45,Ceftamin,Female,19,28,25,51.93528318,3
1740,x581,45,Ceftamin,Female,19,28,30,55.49282602,3
1741,x581,45,Ceftamin,Female,19,28,35,58.07758293,3
1742,x581,45,Ceftamin,Female,19,28,40,60.28040549,3
1743,x581,45,Ceftamin,Female,19,28,45,64.63494887,3
1744,x613,15,Zoniferol,Female,2,29,0,45.0,0
1745,x613,15,Zoniferol,Female,2,29,5,46.09704058,0
1746,x613,15,Zoniferol,Female,2,29,10,46.81817589999999,0
1747,x613,15,Zoniferol,Female,2,29,15,48.0776464,0
1748,x773,45,Placebo,Female,21,30,0,45.0,0
1749,x773,45,Placebo,Female,21,30,5,45.8508307,1
1750,x773,45,Placebo,Female,21,30,10,47.18920597,2
1751,x773,45,Placebo,Female,21,30,15,47.67123558,3
1752,x773,45,Placebo,Female,21,30,20,49.739712899999994,3
1753,x773,45,Placebo,Female,21,30,25,51.10442109,3
1754,x773,45,Placebo,Female,21,30,30,52.81311518,4
1755,x773,45,Placebo,Female,21,30,35,55.19273639,4
1756,x773,45,Placebo,Female,21,30,40,55.98767551,4
1757,x773,45,Placebo,Female,21,30,45,58.63497149,4
1758,x822,45,Ceftamin,Male,3,29,0,45.0,0
1759,x822,45,Ceftamin,Male,3,29,5,45.67110442,1
1760,x822,45,Ceftamin,Male,3,29,10,48.98371668,1
1761,x822,45,Ceftamin,Male,3,29,15,49.69466533,1
1762,x822,45,Ceftamin,Male,3,29,20,51.91490968,2
1763,x822,45,Ceftamin,Male,3,29,25,54.04133326,2
1764,x822,45,Ceftamin,Male,3,29,30,55.44515483,2
1765,x822,45,Ceftamin,Male,3,29,35,56.79656665,2
1766,x822,45,Ceftamin,Male,3,29,40,59.55568466,2
1767,x822,45,Ceftamin,Male,3,29,45,61.38666032,3
1768,x930,25,Naftisol,Male,13,26,0,45.0,0
1769,x930,25,Naftisol,Male,13,26,5,46.07823375,0
1770,x930,25,Naftisol,Male,13,26,10,50.26069441,0
1771,x930,25,Naftisol,Male,13,26,15,51.97376864,0
1772,x930,25,Naftisol,Male,13,26,20,52.55606575,0
1773,x930,25,Naftisol,Male,13,26,25,53.72610129999999,0
1774,y163,45,Infubinol,Female,17,27,0,45.0,0
1775,y163,45,Infubinol,Female,17,27,5,48.28497016,0
1776,y163,45,Infubinol,Female,17,27,10,49.112399100000005,1
1777,y163,45,Infubinol,Female,17,27,15,51.52306843,1
1778,y163,45,Infubinol,Female,17,27,20,54.57107607,1
1779,y163,45,Infubinol,Female,17,27,25,56.17638452,1
1780,y163,45,Infubinol,Female,17,27,30,59.41253724,2
1781,y163,45,Infubinol,Female,17,27,35,61.73019562,2
1782,y163,45,Infubinol,Female,17,27,40,63.62067958,2
1783,y163,45,Infubinol,Female,17,27,45,67.68556862,3
1784,y260,45,Ketapril,Female,7,25,0,45.0,0
1785,y260,45,Ketapril,Female,7,25,5,46.79983867,0
1786,y260,45,Ketapril,Female,7,25,10,48.08180678,1
1787,y260,45,Ketapril,Female,7,25,15,50.19615224,2
1788,y260,45,Ketapril,Female,7,25,20,50.72958174,3
1789,y260,45,Ketapril,Female,7,25,25,54.43756172,4
1790,y260,45,Ketapril,Female,7,25,30,58.58267634,4
1791,y260,45,Ketapril,Female,7,25,35,59.60355821,4
1792,y260,45,Ketapril,Female,7,25,40,60.91417627,4
1793,y260,45,Ketapril,Female,7,25,45,62.90944062,4
1794,y449,15,Ramicane,Male,19,24,0,45.0,0
1795,y449,15,Ramicane,Male,19,24,5,45.87754494,0
1796,y449,15,Ramicane,Male,19,24,10,46.37809248,0
1797,y449,15,Ramicane,Male,19,24,15,44.18345092,0
1798,y478,45,Placebo,Female,3,25,0,45.0,0
1799,y478,45,Placebo,Female,3,25,5,48.64107818,1
1800,y478,45,Placebo,Female,3,25,10,52.28893409,1
1801,y478,45,Placebo,Female,3,25,15,53.61040585,1
1802,y478,45,Placebo,Female,3,25,20,56.84885016,1
1803,y478,45,Placebo,Female,3,25,25,57.82697598,1
1804,y478,45,Placebo,Female,3,25,30,59.37461452,1
1805,y478,45,Placebo,Female,3,25,35,61.88802678,1
1806,y478,45,Placebo,Female,3,25,40,65.97112017,1
1807,y478,45,Placebo,Female,3,25,45,66.84263453,1
1808,y601,5,Naftisol,Female,23,25,0,45.0,0
1809,y601,5,Naftisol,Female,23,25,5,48.47500273,1
1810,y769,45,Ceftamin,Female,6,27,0,45.0,0
1811,y769,45,Ceftamin,Female,6,27,5,46.42265176,1
1812,y769,45,Ceftamin,Female,6,27,10,48.01516261,1
1813,y769,45,Ceftamin,Female,6,27,15,52.76102114,2
1814,y769,45,Ceftamin,Female,6,27,20,55.02572434,2
1815,y769,45,Ceftamin,Female,6,27,25,58.33595901,3
1816,y769,45,Ceftamin,Female,6,27,30,61.07194886,3
1817,y769,45,Ceftamin,Female,6,27,35,63.43063221,3
1818,y769,45,Ceftamin,Female,6,27,40,64.25102761,4
1819,y769,45,Ceftamin,Female,6,27,45,68.59474498,4
1820,y793,45,Capomulin,Male,17,17,0,45.0,0
1821,y793,45,Capomulin,Male,17,17,5,41.01991315,0
1822,y793,45,Capomulin,Male,17,17,10,41.63001026,1
1823,y793,45,Capomulin,Male,17,17,15,42.28366512,1
1824,y793,45,Capomulin,Male,17,17,20,40.71642815,2
1825,y793,45,Capomulin,Male,17,17,25,38.9927339,2
1826,y793,45,Capomulin,Male,17,17,30,35.72602314,2
1827,y793,45,Capomulin,Male,17,17,35,36.3278696,2
1828,y793,45,Capomulin,Male,17,17,40,31.47541076,2
1829,y793,45,Capomulin,Male,17,17,45,31.896238399999998,2
1830,y865,45,Ceftamin,Male,23,26,0,45.0,0
1831,y865,45,Ceftamin,Male,23,26,5,46.73500592,1
1832,y865,45,Ceftamin,Male,23,26,10,49.52273955,1
1833,y865,45,Ceftamin,Male,23,26,15,50.80651856,1
1834,y865,45,Ceftamin,Male,23,26,20,52.36198241,1
1835,y865,45,Ceftamin,Male,23,26,25,57.17353846,2
1836,y865,45,Ceftamin,Male,23,26,30,59.0332753,3
1837,y865,45,Ceftamin,Male,23,26,35,61.15313991,3
1838,y865,45,Ceftamin,Male,23,26,40,63.46954946,3
1839,y865,45,Ceftamin,Male,23,26,45,64.72983655,3
1840,z234,5,Naftisol,Female,19,27,0,45.0,0
1841,z234,5,Naftisol,Female,19,27,5,46.12935706,1
1842,z314,5,Stelasyn,Female,21,28,0,45.0,0
1843,z314,5,Stelasyn,Female,21,28,5,45.93471217,0
1844,z435,10,Propriva,Female,12,26,0,45.0,0
1845,z435,10,Propriva,Female,12,26,5,47.11597963,0
1846,z435,10,Propriva,Female,12,26,10,48.71066147,0
1847,z578,45,Ramicane,Male,11,16,0,45.0,0
1848,z578,45,Ramicane,Male,11,16,5,42.18878662,0
1849,z578,45,Ramicane,Male,11,16,10,42.95211843,0
1850,z578,45,Ramicane,Male,11,16,15,38.68851607,0
1851,z578,45,Ramicane,Male,11,16,20,36.89001635,0
1852,z578,45,Ramicane,Male,11,16,25,37.41411419,0
1853,z578,45,Ramicane,Male,11,16,30,37.81593487,0
1854,z578,45,Ramicane,Male,11,16,35,38.50482444,0
1855,z578,45,Ramicane,Male,11,16,40,34.02209336,0
1856,z578,45,Ramicane,Male,11,16,45,30.63869575,0
1857,z581,45,Infubinol,Female,24,25,0,45.0,0
1858,z581,45,Infubinol,Female,24,25,5,49.27309187,1
1859,z581,45,Infubinol,Female,24,25,10,50.47875016,2
1860,z581,45,Infubinol,Female,24,25,15,51.1963042,2
1861,z581,45,Infubinol,Female,24,25,20,51.80794416,2
1862,z581,45,Infubinol,Female,24,25,25,54.31640682,2
1863,z581,45,Infubinol,Female,24,25,30,56.28674991,2
1864,z581,45,Infubinol,Female,24,25,35,58.62839878,3
1865,z581,45,Infubinol,Female,24,25,40,60.05373963,3
1866,z581,45,Infubinol,Female,24,25,45,62.75445141,3
1867,z795,45,Naftisol,Female,13,29,0,45.0,0
1868,z795,45,Naftisol,Female,13,29,5,46.83347493,0
1869,z795,45,Naftisol,Female,13,29,10,48.0308039,0
1870,z795,45,Naftisol,Female,13,29,15,49.36813189,1
1871,z795,45,Naftisol,Female,13,29,20,53.28065717,1
1872,z795,45,Naftisol,Female,13,29,25,57.94709984,2
1873,z795,45,Naftisol,Female,13,29,30,59.78963589999999,2
1874,z795,45,Naftisol,Female,13,29,35,60.43565416,2
1875,z795,45,Naftisol,Female,13,29,40,62.37663884,3
1876,z795,45,Naftisol,Female,13,29,45,65.74107029,3
1877,z969,45,Naftisol,Male,9,30,0,45.0,0
1878,z969,45,Naftisol,Male,9,30,5,49.33299873,0
1879,z969,45,Naftisol,Male,9,30,10,52.65608148,1
1880,z969,45,Naftisol,Male,9,30,15,54.71300452,2
1881,z969,45,Naftisol,Male,9,30,20,57.89877823,2
1882,z969,45,Naftisol,Male,9,30,25,63.14565213,2
1883,z969,45,Naftisol,Male,9,30,30,65.84101274,3
1884,z969,45,Naftisol,Male,9,30,35,69.17624607,4
1885,z969,45,Naftisol,Male,9,30,40,70.31490411,4
1886,z969,45,Naftisol,Male,9,30,45,73.86784476,4
